Id,feature_0,feature_1,feature_2,feature_3,feature_4,feature_5,feature_6,feature_7,feature_8,feature_9,feature_10,feature_11,feature_12,feature_13,feature_14,feature_15,feature_16,feature_17,feature_18,feature_19,feature_20
16954,0,0,0,1,0,0,0,0,0,0,0,0,1,0,0,0,0,0,1,1,2
16955,1,0,0,0,0,0,0,0,0,0,0,0,0,0,0,0,0,0,1,0,1
16956,0,0,1,0,0,0,0,0,0,0,1,0,0,0,0,0,0,0,1,1,2
16957,0,0,0,0,0,0,0,0,1,0,0,1,0,0,0,0,0,0,1,1,2
16958,0,0,1,0,0,0,0,0,0,0,1,0,0,0,0,0,0,0,1,1,2
16959,1,0,0,0,0,1,0,0,0,0,0,0,0,0,0,0,0,0,1,0,2
16960,0,0,0,0,0,0,0,0,1,0,0,0,0,0,0,0,0,0,1,0,1
16961,0,0,0,0,0,0,0,0,0,0,0,0,0,0,0,0,0,0,0,0,0
16962,0,0,0,0,0,0,0,0,0,0,0,0,0,0,0,0,0,0,0,0,0
16963,1,0,0,0,0,0,0,0,0,0,0,0,0,0,0,0,0,0,1,0,1
16964,0,0,0,0,0,0,0,0,0,0,0,0,0,0,0,0,0,0,0,0,0
16965,0,0,0,0,1,0,0,0,0,0,0,1,0,0,1,0,0,0,1,1,3
16966,0,0,0,0,0,0,0,0,0,0,0,0,0,0,0,0,0,0,0,0,0
16967,0,0,0,0,0,0,0,0,0,0,1,0,0,0,0,1,0,0,0,0,2
16968,0,0,1,0,0,0,0,0,0,0,0,0,0,0,0,0,0,0,1,0,1
16969,0,0,0,0,0,0,0,0,0,0,0,0,0,0,0,0,0,0,0,0,0
16970,0,0,0,0,0,0,0,0,0,0,0,0,0,0,0,0,0,0,0,0,0
16971,0,0,0,0,0,0,0,0,1,0,0,0,0,0,0,0,0,0,1,0,1
16972,0,0,0,0,0,0,0,0,0,0,0,0,1,0,1,0,0,0,0,0,2
16973,1,0,0,0,0,0,0,0,0,0,0,0,0,0,0,0,0,0,1,0,1
16974,0,0,1,0,0,0,0,0,0,0,0,0,0,0,0,0,0,0,1,0,1
16975,0,0,1,0,0,0,0,0,0,0,0,0,1,0,1,0,0,0,1,1,3
16976,0,0,0,0,1,0,0,0,0,0,0,0,0,0,0,0,0,0,1,0,1
16977,0,0,1,0,0,0,0,0,0,0,0,0,1,0,0,0,0,0,1,1,2
16978,0,0,0,0,0,0,0,0,0,0,0,0,0,0,0,0,0,0,0,0,0
16979,0,0,0,1,0,0,0,0,0,0,0,0,1,0,0,0,0,0,1,1,2
16980,0,0,1,0,1,0,0,0,0,0,0,0,0,0,0,0,0,0,1,0,2
16981,1,0,0,0,0,0,0,0,0,0,0,0,0,0,0,0,0,0,1,0,1
16982,0,0,1,0,0,0,0,0,0,0,0,0,0,0,0,0,0,0,1,0,1
16983,0,0,0,0,0,0,0,0,0,0,0,0,0,0,1,0,0,0,0,0,1
16984,0,0,1,0,0,0,0,0,0,0,0,0,0,0,0,0,0,0,1,0,1
16985,0,0,0,0,0,0,0,0,0,0,0,0,0,0,0,0,0,1,0,0,1
16986,0,0,0,0,0,0,0,0,0,0,0,0,0,0,0,0,0,0,0,0,0
16987,1,0,0,0,0,0,0,0,0,0,0,0,0,0,0,0,0,0,1,0,1
16988,0,0,0,0,0,0,0,0,0,0,1,0,0,0,0,0,0,0,0,0,1
16989,0,0,0,0,0,0,0,0,0,0,0,0,0,0,0,0,0,0,0,0,0
16990,0,0,0,0,1,0,0,0,0,0,0,0,0,0,0,0,1,0,1,1,2
16991,0,0,0,0,0,0,0,0,0,0,0,0,0,0,0,0,0,0,0,0,0
16992,0,0,0,0,0,0,0,0,0,0,0,0,0,0,0,0,0,0,0,0,0
16993,0,0,1,0,0,0,0,0,0,0,1,0,0,0,0,0,0,0,1,1,2
16994,0,0,0,0,0,0,0,0,0,0,0,1,0,0,1,0,0,0,0,0,2
16995,0,0,1,0,0,0,0,0,0,0,0,0,0,0,0,0,0,0,1,0,1
16996,0,0,0,0,0,0,0,0,0,0,0,0,0,0,0,0,0,0,0,0,0
16997,0,0,0,0,0,0,0,0,0,0,0,0,0,0,0,1,0,0,0,0,1
16998,0,0,1,0,0,0,0,0,0,0,0,0,0,0,0,0,0,0,1,0,1
16999,0,0,0,0,0,1,0,0,0,0,0,0,0,0,0,0,0,0,1,0,1
17000,0,0,0,0,0,0,0,0,0,0,1,0,0,0,0,0,0,0,0,0,1
17001,0,0,0,0,0,0,0,0,0,0,0,0,0,0,0,0,0,0,0,0,0
17002,0,0,1,0,0,0,0,0,0,0,0,0,0,0,0,0,0,0,1,0,1
17003,0,0,1,0,0,0,0,0,0,0,0,0,0,0,0,0,0,0,1,0,1
17004,0,0,0,0,0,0,0,0,0,0,0,0,0,0,0,0,0,0,0,0,0
17005,0,0,0,0,0,0,0,0,0,0,0,0,0,0,0,0,0,0,0,0,0
17006,0,0,0,0,0,0,0,0,0,0,0,0,0,0,0,0,0,0,0,0,0
17007,0,0,0,0,0,0,0,0,0,0,0,0,0,0,0,0,0,1,0,0,1
17008,0,0,0,0,0,0,0,0,0,0,0,0,0,0,0,0,0,0,0,0,0
17009,0,0,0,0,0,0,0,0,0,0,0,0,0,0,0,0,0,0,0,0,0
17010,0,1,0,0,0,0,0,0,0,0,0,0,0,0,0,0,0,0,1,0,1
17011,1,0,0,0,0,0,0,0,0,0,0,0,0,0,0,0,0,0,1,0,1
17012,0,0,0,0,0,0,0,0,0,0,0,0,0,0,0,0,0,0,0,0,0
17013,0,0,0,0,0,0,0,0,0,0,0,0,1,0,0,0,0,0,0,0,1
17014,0,0,0,0,0,0,0,0,1,0,0,0,0,0,0,0,1,0,1,1,2
17015,0,0,0,0,0,0,0,0,0,0,0,0,0,0,0,0,0,0,0,0,0
17016,0,0,0,0,1,0,0,0,0,0,1,0,0,0,1,0,0,0,1,1,3
17017,0,0,0,0,0,0,0,1,0,0,0,0,0,0,0,0,0,0,1,0,1
17018,0,0,0,0,0,0,0,0,0,0,0,0,0,0,0,1,0,0,0,0,1
17019,0,0,0,0,0,0,0,0,0,0,0,0,1,0,0,0,0,0,0,0,1
17020,1,1,0,0,0,0,0,0,0,0,0,0,0,0,0,0,0,0,1,0,2
17021,0,0,0,0,0,0,0,0,0,0,1,0,0,0,0,0,0,0,0,0,1
17022,0,0,0,0,0,0,0,0,0,0,0,0,0,0,0,0,0,0,0,0,0
17023,0,0,0,0,0,0,0,0,1,0,0,0,0,0,0,0,0,0,1,0,1
17024,0,0,1,0,0,0,0,0,0,0,0,0,0,0,0,0,0,0,1,0,1
17025,0,0,0,0,0,0,0,0,0,0,0,0,0,0,0,0,0,0,0,0,0
17026,0,0,0,0,1,0,0,0,0,0,0,1,0,0,0,0,0,0,1,1,2
17027,1,0,0,0,0,0,0,0,0,0,0,0,0,0,0,0,0,0,1,0,1
17028,0,0,1,0,0,0,0,0,0,0,1,0,0,0,0,0,0,0,1,1,2
17029,0,0,0,0,0,0,0,0,0,0,1,0,0,0,0,1,0,0,0,0,2
17030,1,0,0,0,0,0,0,0,0,0,0,0,0,0,0,0,0,0,1,0,1
17031,0,0,0,0,0,0,0,0,0,0,0,0,0,0,0,0,0,0,0,0,0
17032,0,0,1,0,0,0,0,0,0,0,0,0,0,0,0,0,0,0,1,0,1
17033,0,0,1,0,0,0,0,0,0,0,1,0,0,0,0,0,0,0,1,1,2
17034,1,0,0,0,0,0,0,0,0,0,0,0,0,1,0,0,0,0,1,1,2
17035,0,0,0,0,0,0,0,0,0,0,0,0,0,0,0,0,0,0,0,0,0
17036,0,0,0,0,0,0,0,0,0,0,0,0,0,0,0,0,0,0,0,0,0
17037,1,0,0,0,0,0,0,0,1,0,0,0,0,0,0,0,0,0,1,0,2
17038,0,0,0,0,0,0,0,0,0,0,0,0,0,0,0,0,0,0,0,0,0
17039,0,0,0,0,0,0,0,0,0,0,0,0,0,0,0,0,0,0,0,0,0
17040,0,0,0,0,0,0,0,0,0,0,0,0,0,0,0,0,0,0,0,0,0
17041,0,0,0,0,0,0,0,0,0,0,0,0,0,0,0,0,0,0,0,0,0
17042,0,0,0,0,0,0,1,0,0,0,0,0,0,0,0,0,0,0,1,0,1
17043,0,0,0,0,0,0,0,0,0,0,0,0,0,0,0,0,0,0,0,0,0
17044,0,0,0,0,0,0,0,0,0,0,0,0,0,0,0,0,1,0,0,0,1
17045,0,0,0,0,0,0,0,0,0,0,1,0,0,0,0,0,0,0,0,0,1
17046,0,0,0,0,0,0,0,0,0,0,0,0,0,0,0,0,0,0,0,0,0
17047,0,0,0,0,0,0,0,0,0,0,0,1,0,0,0,0,0,0,0,0,1
17048,0,0,0,0,0,0,0,0,0,1,0,0,0,0,0,0,0,1,1,1,2
17049,0,0,0,0,0,0,0,0,0,0,1,0,0,0,0,0,0,0,0,0,1
17050,1,0,0,0,0,0,0,0,0,0,0,0,0,0,0,0,0,0,1,0,1
17051,0,0,0,0,0,0,0,0,0,1,0,0,0,0,0,0,0,0,1,0,1
17052,0,0,0,0,0,0,0,0,0,0,0,0,0,0,0,1,0,0,0,0,1
17053,0,0,0,0,0,0,0,0,1,0,0,0,0,0,0,0,0,0,1,0,1
17054,0,0,0,0,0,0,0,0,0,0,0,0,0,0,0,0,0,0,0,0,0
17055,0,0,1,0,0,0,0,0,0,0,1,0,0,0,0,0,0,0,1,1,2
17056,0,0,0,0,0,0,0,0,0,0,1,0,0,0,0,0,0,0,0,0,1
17057,0,0,0,0,0,0,0,0,0,0,0,0,0,0,0,0,0,0,0,0,0
17058,0,0,1,0,0,1,0,0,0,0,0,0,0,0,0,0,0,0,1,0,2
17059,1,0,0,0,0,0,0,0,0,0,0,0,0,0,0,0,0,0,1,0,1
17060,0,0,1,0,0,0,0,0,0,0,0,0,0,0,0,0,0,0,1,0,1
17061,0,0,0,0,0,0,0,0,0,0,0,0,0,0,0,0,0,0,0,0,0
17062,1,0,0,0,0,0,0,0,0,0,0,0,0,0,0,0,0,0,1,0,1
17063,0,0,0,0,0,0,0,0,0,0,0,0,0,0,0,0,0,0,0,0,0
17064,0,0,0,0,0,0,0,0,0,0,0,0,0,0,0,0,0,0,0,0,0
17065,0,0,0,0,0,0,0,0,1,0,0,0,0,0,0,0,0,0,1,0,1
17066,0,0,0,0,0,0,0,0,0,0,0,0,0,0,0,0,0,0,0,0,0
17067,0,0,1,0,0,0,0,0,0,0,0,0,0,0,0,1,0,0,1,1,2
17068,0,0,0,0,0,0,0,0,0,0,0,0,0,0,0,0,0,0,0,0,0
17069,0,0,0,0,0,0,0,0,0,0,0,0,0,0,0,0,0,0,0,0,0
17070,0,0,0,0,0,0,0,0,0,1,0,0,1,0,0,0,0,0,1,1,2
17071,0,0,0,0,0,0,0,0,0,0,0,0,0,0,0,1,0,0,0,0,1
17072,0,0,0,0,0,0,0,0,0,0,1,0,0,0,0,0,0,0,0,0,1
17073,1,0,0,0,0,0,0,0,0,0,0,0,0,1,0,0,0,0,1,1,2
17074,0,0,0,0,0,0,0,0,0,0,1,0,0,0,0,0,0,0,0,0,1
17075,0,0,0,0,0,0,0,0,0,0,0,0,0,0,0,0,0,0,0,0,0
17076,0,0,0,0,0,0,0,0,0,0,0,0,0,0,0,0,0,0,0,0,0
17077,0,0,0,0,0,0,0,0,0,0,0,0,1,0,0,0,0,0,0,0,1
17078,0,0,0,0,0,0,0,0,0,0,0,0,0,0,0,0,0,0,0,0,0
17079,0,0,0,0,0,0,0,0,0,0,0,0,0,0,0,0,0,0,0,0,0
17080,1,0,0,0,0,0,0,0,0,0,0,0,0,0,0,0,0,0,1,0,1
17081,0,0,0,0,0,0,0,0,0,0,0,0,0,0,0,0,0,0,0,0,0
17082,0,0,0,1,0,0,0,0,0,0,0,0,0,0,0,0,0,0,1,0,1
17083,0,0,0,0,0,0,0,0,0,0,0,0,0,0,0,0,0,0,0,0,0
17084,0,0,1,0,0,0,0,0,0,0,0,0,0,0,0,0,0,0,1,0,1
17085,0,0,0,0,0,0,0,0,0,0,0,0,0,0,0,0,0,0,0,0,0
17086,0,0,1,0,0,0,0,0,0,0,1,0,0,0,0,0,0,0,1,1,2
17087,0,0,1,0,0,0,0,1,0,0,0,0,0,0,0,0,0,1,1,1,3
17088,0,0,0,1,0,0,0,0,0,0,0,0,0,0,0,0,0,0,1,0,1
17089,0,0,1,0,0,0,0,0,0,0,0,0,0,0,0,0,0,0,1,0,1
17090,0,0,0,0,0,0,0,0,0,0,0,0,1,0,0,0,0,0,0,0,1
17091,0,0,0,0,0,0,0,0,1,0,0,0,0,0,0,0,0,0,1,0,1
17092,0,0,0,0,0,0,0,0,0,0,0,0,1,0,1,0,0,0,0,0,2
17093,0,0,1,0,0,0,0,0,0,0,0,0,0,0,0,0,0,0,1,0,1
17094,0,0,0,0,0,0,0,0,0,0,0,0,0,0,1,0,0,0,0,0,1
17095,0,0,1,0,0,0,0,0,0,0,0,0,0,0,0,0,0,0,1,0,1
17096,0,0,0,0,0,0,0,0,0,0,0,0,0,0,0,0,0,0,0,0,0
17097,0,0,1,0,0,0,0,0,0,0,0,0,0,0,0,0,0,0,1,0,1
17098,0,0,0,0,0,0,0,0,0,0,1,0,0,0,0,0,0,0,0,0,1
17099,0,0,0,0,0,0,0,0,0,0,0,0,0,0,0,0,1,0,0,0,1
17100,0,0,1,0,0,0,0,0,0,0,0,0,0,0,0,0,0,0,1,0,1
17101,0,0,0,1,0,0,0,0,0,0,0,0,1,0,0,0,0,0,1,1,2
17102,0,0,0,0,0,0,0,0,0,0,1,0,0,0,0,1,0,0,0,0,2
17103,0,0,0,0,0,0,0,0,0,0,0,0,0,0,0,0,0,0,0,0,0
17104,1,0,0,0,0,0,0,0,0,0,0,0,0,0,0,0,0,0,1,0,1
17105,1,0,0,0,0,0,0,0,0,0,0,0,0,0,0,0,0,0,1,0,1
17106,0,0,0,0,0,0,0,0,0,0,1,0,0,0,0,0,0,0,0,0,1
17107,0,0,0,0,0,0,0,0,0,0,0,0,1,0,0,0,0,0,0,0,1
17108,0,0,0,1,0,0,0,0,0,0,0,0,0,0,0,0,0,0,1,0,1
17109,0,0,0,0,0,0,0,0,0,0,0,0,1,0,0,0,0,0,0,0,1
17110,0,0,0,0,0,0,0,0,0,0,0,0,0,0,0,0,0,0,0,0,0
17111,0,0,0,0,0,0,0,0,0,0,0,0,0,0,0,0,0,0,0,0,0
17112,0,0,0,0,0,0,0,0,0,0,0,0,0,0,0,0,0,0,0,0,0
17113,0,0,0,0,0,0,0,0,0,0,0,0,0,0,0,0,0,0,0,0,0
17114,0,0,0,0,0,0,0,0,0,0,0,0,0,0,0,0,0,0,0,0,0
17115,0,0,1,0,0,0,0,0,0,0,1,0,0,0,0,0,0,0,1,1,2
17116,0,0,0,0,1,0,0,0,0,0,0,0,0,0,1,0,0,0,1,1,2
17117,0,0,0,0,1,0,0,0,0,0,0,0,0,0,0,0,1,0,1,1,2
17118,0,0,0,0,0,0,0,0,0,0,0,0,1,0,0,0,0,0,0,0,1
17119,0,0,0,0,1,0,0,0,0,0,0,0,0,0,0,0,0,0,1,0,1
17120,0,0,0,0,0,0,0,0,0,0,1,0,0,0,0,0,0,0,0,0,1
17121,0,0,0,0,0,0,0,0,0,0,0,0,1,0,1,0,0,0,0,0,2
17122,0,0,1,0,0,0,0,0,0,0,0,0,0,0,0,0,0,0,1,0,1
17123,0,0,0,0,0,0,0,0,1,0,0,0,0,0,0,0,0,1,1,1,2
17124,1,0,0,0,0,0,0,0,0,0,0,0,1,0,0,0,0,0,1,1,2
17125,0,0,1,0,0,0,0,0,0,0,0,0,0,0,0,0,0,0,1,0,1
17126,0,0,1,0,0,0,0,0,0,0,0,0,0,0,1,0,0,0,1,1,2
17127,0,0,0,0,0,0,0,0,0,0,0,0,0,0,0,0,0,0,0,0,0
17128,0,0,0,0,0,0,0,0,0,0,0,0,0,0,0,0,0,0,0,0,0
17129,0,0,0,0,0,0,0,0,0,0,0,0,0,0,0,0,0,0,0,0,0
17130,0,0,0,0,0,1,0,0,0,0,0,0,0,0,0,0,0,0,1,0,1
17131,0,0,0,0,0,0,0,0,0,0,0,0,0,0,0,0,0,0,0,0,0
17132,0,0,1,0,0,0,0,0,0,0,0,0,0,0,0,1,0,0,1,1,2
17133,0,0,1,0,0,0,0,0,0,0,0,0,0,0,0,0,0,0,1,0,1
17134,0,0,0,0,1,0,0,0,1,0,0,0,0,0,0,0,0,0,1,0,2
17135,0,0,0,0,1,0,0,0,0,0,0,0,0,0,0,0,1,0,1,1,2
17136,0,0,1,0,0,0,0,0,0,0,0,0,0,0,0,1,0,0,1,1,2
17137,0,0,0,0,0,0,0,0,0,0,0,0,0,0,0,0,0,0,0,0,0
17138,1,0,0,0,0,0,0,0,0,0,0,0,0,0,0,0,0,0,1,0,1
17139,0,0,0,0,0,0,0,0,0,0,0,0,0,0,0,0,0,0,0,0,0
17140,0,0,0,0,0,0,0,0,0,0,0,0,0,0,0,0,0,0,0,0,0
17141,0,0,0,0,0,0,0,0,0,0,0,0,0,0,0,0,1,0,0,0,1
17142,0,0,1,0,0,0,0,0,0,0,0,0,0,0,0,1,0,0,1,1,2
17143,0,0,0,0,0,0,0,0,0,0,0,0,0,0,0,0,0,0,0,0,0
17144,0,0,0,0,0,0,0,0,0,0,1,0,0,0,0,0,0,0,0,0,1
17145,0,0,0,0,0,0,0,0,0,0,0,0,0,0,0,0,0,0,0,0,0
17146,0,0,0,0,0,0,0,0,0,0,0,0,0,0,0,0,0,0,0,0,0
17147,0,0,0,0,0,0,0,0,0,0,1,0,0,0,0,1,0,0,0,0,2
17148,0,0,0,0,0,0,0,0,0,0,1,0,0,0,0,0,0,0,0,0,1
17149,0,0,0,0,0,0,0,0,0,0,1,0,0,0,0,0,0,0,0,0,1
17150,0,0,0,0,0,0,0,0,0,0,0,0,0,0,0,0,0,0,0,0,0
17151,0,0,1,0,0,0,0,0,0,0,0,0,0,0,0,1,0,0,1,1,2
17152,0,0,0,0,1,0,0,0,0,0,0,0,0,0,0,0,0,1,1,1,2
17153,0,0,0,0,0,0,0,0,0,0,0,0,0,0,0,0,0,0,0,0,0
17154,0,0,0,0,0,0,0,0,0,0,0,0,0,0,0,0,0,0,0,0,0
17155,0,0,0,0,0,0,0,0,0,0,1,0,0,0,0,1,0,0,0,0,2
17156,0,1,0,0,0,0,0,0,0,0,0,0,0,0,0,0,0,0,1,0,1
17157,1,0,0,0,0,0,0,0,0,0,0,0,0,0,0,0,0,0,1,0,1
17158,0,0,0,0,0,0,0,0,0,0,0,0,0,0,0,0,0,0,0,0,0
17159,0,0,0,0,0,0,0,0,0,0,0,0,0,0,0,0,0,0,0,0,0
17160,0,0,0,0,1,0,0,0,0,1,0,0,0,0,0,0,0,0,1,0,2
17161,0,0,1,0,0,0,0,0,0,0,1,0,0,0,0,0,0,0,1,1,2
17162,0,0,0,0,0,0,0,0,0,0,0,0,0,0,0,1,0,0,0,0,1
17163,1,0,0,0,0,0,0,0,0,0,0,0,0,0,0,0,0,0,1,0,1
17164,0,0,0,0,0,0,0,0,0,0,0,0,0,0,0,0,0,0,0,0,0
17165,0,0,0,0,0,0,0,0,1,0,0,0,1,0,1,0,0,0,1,1,3
17166,0,0,1,0,0,0,0,0,0,0,0,0,0,0,0,1,0,0,1,1,2
17167,1,0,0,0,0,0,0,0,0,0,0,0,0,0,0,0,0,0,1,0,1
17168,0,0,0,0,0,0,0,0,0,0,0,0,0,0,0,0,0,0,0,0,0
17169,0,0,0,0,0,0,0,0,0,0,0,0,0,0,0,0,0,0,0,0,0
17170,0,0,0,1,0,0,0,0,0,0,1,0,0,0,0,1,0,0,1,1,3
17171,0,0,0,0,0,0,0,0,0,1,0,0,0,0,0,0,0,0,1,0,1
17172,0,0,0,0,0,0,0,0,0,0,0,1,0,0,0,0,0,0,0,0,1
17173,0,0,0,0,0,0,0,0,0,0,0,0,0,0,0,0,0,0,0,0,0
17174,0,0,0,0,0,0,0,0,0,0,0,0,0,0,0,0,0,0,0,0,0
17175,0,0,0,0,0,0,0,0,0,0,0,0,0,0,0,0,0,0,0,0,0
17176,1,0,0,0,0,0,0,0,0,0,0,0,0,0,0,0,0,0,1,0,1
17177,0,0,0,0,0,0,0,0,0,0,0,0,1,0,1,0,0,0,0,0,2
17178,0,0,0,0,0,0,0,0,0,0,0,0,0,0,0,0,0,0,0,0,0
17179,0,0,0,0,0,0,0,0,1,0,0,0,0,0,0,0,0,0,1,0,1
17180,0,0,0,0,0,0,0,0,0,0,0,0,0,0,0,0,0,0,0,0,0
17181,0,0,0,0,0,0,0,0,0,0,0,0,0,1,0,1,0,0,0,0,2
17182,0,0,0,0,0,0,0,0,1,0,0,1,0,0,0,0,0,0,1,1,2
17183,0,0,0,0,0,0,0,0,0,0,0,1,0,0,0,0,0,0,0,0,1
17184,0,0,0,0,0,0,0,0,0,0,0,0,0,0,0,0,0,0,0,0,0
17185,0,0,0,0,0,0,0,0,0,0,0,0,0,0,0,0,0,0,0,0,0
17186,0,0,0,0,0,1,0,0,0,0,1,0,0,0,0,0,0,0,1,1,2
17187,0,0,0,0,0,0,0,0,0,0,0,0,0,0,0,0,0,0,0,0,0
17188,0,0,0,0,0,0,0,0,0,0,0,0,0,0,0,0,0,0,0,0,0
17189,0,0,0,0,0,0,0,0,0,0,0,0,0,0,0,0,0,0,0,0,0
17190,1,0,0,0,0,0,0,0,0,0,0,0,1,0,0,0,0,0,1,1,2
17191,0,0,0,0,0,0,0,0,0,0,0,0,0,0,0,1,0,0,0,0,1
17192,0,0,0,0,0,0,0,0,0,0,0,0,0,0,0,0,0,0,0,0,0
17193,0,0,0,0,0,0,0,0,0,0,0,0,0,0,0,0,0,0,0,0,0
17194,0,0,0,0,0,0,0,0,0,0,0,0,0,0,0,0,0,0,0,0,0
17195,0,0,1,0,0,0,0,0,0,0,0,0,0,0,0,0,0,0,1,0,1
17196,0,0,0,0,0,0,0,0,0,0,1,0,0,0,0,0,0,0,0,0,1
17197,0,0,0,0,0,0,0,0,0,0,0,0,0,0,0,0,0,0,0,0,0
17198,0,0,1,0,0,0,0,0,0,0,0,0,0,0,0,0,0,0,1,0,1
17199,0,0,0,0,0,0,0,0,0,0,0,0,0,0,0,0,0,0,0,0,0
17200,0,0,0,0,0,0,0,0,1,1,0,0,1,0,1,0,0,0,1,1,4
17201,0,0,0,0,0,0,0,0,0,0,0,0,0,0,0,0,0,0,0,0,0
17202,1,0,0,0,0,0,0,0,0,0,1,0,0,0,0,0,0,0,1,1,2
17203,0,0,1,0,0,0,0,0,0,0,0,0,0,0,0,0,0,0,1,0,1
17204,0,0,0,0,0,0,0,0,0,0,0,0,0,0,0,0,1,0,0,0,1
17205,0,0,0,0,0,0,0,0,0,0,0,0,0,0,0,0,0,0,0,0,0
17206,0,0,0,0,0,0,0,0,0,0,0,0,0,0,0,0,0,0,0,0,0
17207,0,0,0,0,0,0,0,0,0,0,0,0,0,0,0,0,0,0,0,0,0
17208,0,1,0,0,0,0,0,0,0,0,0,0,0,0,0,0,0,0,1,0,1
17209,0,0,0,0,1,0,0,0,0,0,0,0,0,0,0,0,1,0,1,1,2
17210,1,0,0,0,0,0,0,0,0,0,0,0,0,0,0,0,0,0,1,0,1
17211,0,0,0,0,1,0,0,0,0,0,0,0,1,0,1,0,0,0,1,1,3
17212,0,0,0,0,0,0,0,0,0,0,0,0,0,0,0,0,0,0,0,0,0
17213,0,0,0,0,0,0,0,0,0,0,0,0,0,0,0,0,0,0,0,0,0
17214,0,0,0,0,0,0,0,0,0,0,0,0,1,0,0,0,0,0,0,0,1
17215,0,0,0,0,1,0,0,0,0,0,0,0,0,0,0,0,0,0,1,0,1
17216,0,0,0,0,0,0,0,0,0,0,0,0,1,0,0,0,0,0,0,0,1
17217,1,0,0,0,0,0,0,0,0,0,0,0,0,0,0,0,0,0,1,0,1
17218,1,0,0,0,0,0,0,0,0,0,0,0,0,0,0,0,0,0,1,0,1
17219,1,0,0,0,0,0,0,0,0,0,0,0,0,0,0,0,0,0,1,0,1
17220,0,0,1,0,0,0,0,0,0,0,1,0,0,0,0,0,0,0,1,1,2
17221,0,0,0,0,0,1,0,0,1,0,0,0,0,0,0,0,0,0,1,0,2
17222,0,0,0,0,0,0,0,0,0,0,0,0,0,0,0,0,0,0,0,0,0
17223,0,1,0,0,1,0,0,0,0,0,0,0,0,0,0,0,0,0,1,0,2
17224,0,0,0,0,0,0,0,0,0,0,0,0,0,0,0,0,0,0,0,0,0
17225,0,0,0,1,0,0,0,0,0,0,0,0,0,0,0,0,0,0,1,0,1
17226,0,0,1,0,0,0,0,0,0,0,1,0,0,0,0,0,0,0,1,1,2
17227,0,0,0,0,0,0,0,0,0,0,0,0,0,0,0,0,0,0,0,0,0
17228,0,0,0,0,0,0,1,0,0,0,0,0,0,0,0,0,0,0,1,0,1
17229,0,0,0,0,0,0,0,0,0,0,0,0,0,0,0,0,0,0,0,0,0
17230,0,0,0,0,0,0,0,0,0,0,0,0,0,0,0,0,0,0,0,0,0
17231,0,0,0,0,0,0,0,0,0,0,0,0,0,0,0,0,0,0,0,0,0
17232,0,0,0,0,0,0,0,0,0,0,0,0,0,0,0,0,0,0,0,0,0
17233,0,0,1,0,0,0,0,0,0,0,0,0,1,0,0,0,0,0,1,1,2
17234,0,0,0,0,0,0,1,0,0,0,0,0,0,0,0,0,0,0,1,0,1
17235,0,0,0,0,0,1,0,0,0,0,0,0,0,0,0,0,0,0,1,0,1
17236,0,0,1,0,0,0,0,0,0,0,0,0,1,0,0,0,0,0,1,1,2
17237,0,0,0,0,0,0,0,0,0,0,0,0,0,0,0,0,0,0,0,0,0
17238,0,0,0,0,0,0,0,0,0,0,0,0,0,0,0,0,1,0,0,0,1
17239,0,0,1,0,0,0,0,0,0,0,1,0,0,0,0,0,0,0,1,1,2
17240,0,0,0,0,0,0,0,0,0,0,0,0,0,0,0,0,0,0,0,0,0
17241,0,0,0,0,0,0,0,0,0,0,0,0,0,0,0,0,0,0,0,0,0
17242,0,0,0,0,0,0,0,0,0,0,0,0,0,0,0,0,0,0,0,0,0
17243,0,0,0,0,0,0,0,0,0,0,0,0,0,0,0,0,0,0,0,0,0
17244,1,0,1,0,0,0,0,0,0,0,0,0,0,0,1,0,0,0,1,1,3
17245,0,0,0,0,0,0,0,0,0,0,0,0,0,0,0,0,0,0,0,0,0
17246,0,0,1,0,0,0,0,0,0,0,0,0,0,0,0,0,0,0,1,0,1
17247,0,0,0,0,0,0,0,0,0,0,0,0,1,0,0,0,0,0,0,0,1
17248,0,0,0,0,0,0,0,0,0,0,0,0,0,0,0,0,0,0,0,0,0
17249,1,0,0,0,0,0,0,0,0,0,0,0,0,0,0,0,0,0,1,0,1
17250,0,0,0,0,0,0,0,0,0,0,0,0,0,0,0,0,0,0,0,0,0
17251,0,0,1,0,0,0,0,0,0,0,0,0,0,0,0,1,0,0,1,1,2
17252,0,0,0,0,0,0,0,0,1,0,0,0,0,0,0,0,0,0,1,0,1
17253,0,0,0,0,0,0,0,0,0,0,0,1,0,0,0,0,0,0,0,0,1
17254,0,0,0,0,0,0,0,0,0,0,0,0,0,0,0,0,0,0,0,0,0
17255,1,0,0,0,0,0,0,0,0,0,1,0,1,0,0,0,0,0,1,1,3
17256,0,0,0,0,0,0,0,0,0,0,0,0,1,0,0,0,0,0,0,0,1
17257,0,0,0,0,0,0,0,0,0,0,0,0,0,0,0,0,0,0,0,0,0
17258,0,0,1,0,0,0,0,0,0,0,0,0,0,0,0,0,0,0,1,0,1
17259,0,0,0,0,0,0,0,0,0,0,0,0,0,0,0,0,0,0,0,0,0
17260,0,0,0,0,0,0,0,0,0,0,0,1,0,0,0,0,0,0,0,0,1
17261,0,0,1,0,0,0,0,0,0,0,0,0,0,0,0,0,0,0,1,0,1
17262,0,0,0,0,0,0,0,0,1,0,0,0,0,0,0,0,0,0,1,0,1
17263,0,1,0,0,0,0,0,0,0,0,0,0,0,0,0,0,0,0,1,0,1
17264,0,0,0,0,0,0,0,0,0,0,0,0,0,0,0,0,0,0,0,0,0
17265,0,0,0,0,0,0,0,0,0,0,0,0,0,0,0,0,1,0,0,0,1
17266,0,0,0,0,0,0,0,0,0,0,0,0,0,0,0,0,0,0,0,0,0
17267,0,0,0,0,0,0,0,0,1,0,0,0,0,0,0,0,0,0,1,0,1
17268,0,0,0,0,0,0,0,0,0,0,0,0,0,0,0,0,0,0,0,0,0
17269,1,0,0,0,0,0,0,0,0,0,0,0,0,0,0,0,0,0,1,0,1
17270,0,0,0,0,0,0,0,0,0,0,0,0,0,0,0,0,0,0,0,0,0
17271,0,0,0,0,0,0,0,0,0,0,0,0,0,0,0,0,0,0,0,0,0
17272,1,0,0,0,0,0,0,0,0,0,0,0,0,0,0,0,0,0,1,0,1
17273,0,0,1,0,0,0,0,0,0,0,0,0,0,0,0,0,0,0,1,0,1
17274,0,0,1,0,0,0,0,0,0,0,0,0,1,0,0,0,0,0,1,1,2
17275,0,0,0,0,0,0,0,0,0,0,0,0,0,0,0,0,0,0,0,0,0
17276,0,0,0,0,0,0,0,0,0,0,0,0,0,0,0,0,0,0,0,0,0
17277,0,0,0,0,0,0,0,0,0,0,0,0,0,0,0,0,0,0,0,0,0
17278,0,0,0,0,0,0,0,0,0,0,1,0,0,0,0,0,0,0,0,0,1
17279,0,0,0,0,0,0,0,0,0,0,0,0,0,0,1,0,0,0,0,0,1
17280,1,0,0,0,0,0,0,0,0,0,0,0,0,0,0,0,0,0,1,0,1
17281,0,0,0,0,0,0,0,0,0,0,0,0,0,0,0,0,0,0,0,0,0
17282,0,0,0,0,0,0,0,0,0,0,0,0,0,0,0,1,0,0,0,0,1
17283,0,0,0,0,1,0,0,0,0,0,0,0,0,0,1,0,0,0,1,1,2
17284,0,0,0,0,0,0,0,0,0,0,0,0,0,0,0,0,0,0,0,0,0
17285,0,0,0,0,0,0,0,0,0,0,0,0,0,0,0,0,0,0,0,0,0
17286,0,0,0,0,0,0,0,0,0,0,0,0,0,0,0,0,0,0,0,0,0
17287,0,0,0,0,0,0,0,0,0,0,0,0,0,0,0,0,0,0,0,0,0
17288,0,0,0,0,0,0,0,0,0,0,0,0,0,0,0,0,0,0,0,0,0
17289,0,0,0,0,0,0,0,0,0,0,0,0,0,0,0,0,0,0,0,0,0
17290,0,0,0,0,0,0,0,0,0,0,0,0,0,0,0,0,0,0,0,0,0
17291,1,0,0,0,0,0,0,0,0,0,0,0,0,0,0,0,0,0,1,0,1
17292,0,0,0,0,0,0,0,0,0,0,0,0,0,0,0,0,0,0,0,0,0
17293,0,0,0,0,0,0,0,0,0,0,0,0,0,0,0,0,0,0,0,0,0
17294,0,0,0,0,1,0,0,0,0,0,0,0,0,0,0,0,0,0,1,0,1
17295,0,0,0,1,0,0,0,0,0,1,0,0,0,0,0,1,0,0,1,1,3
17296,0,0,1,0,0,0,0,0,0,0,1,0,0,0,0,0,0,0,1,1,2
17297,1,1,0,0,0,0,0,0,0,0,0,0,0,0,0,0,0,0,1,0,2
17298,0,0,0,1,0,0,0,0,0,0,0,0,0,0,0,0,0,0,1,0,1
17299,0,0,0,0,0,0,0,0,0,0,0,0,0,0,0,0,0,0,0,0,0
17300,0,0,1,0,0,0,0,0,0,0,1,0,0,0,0,0,0,0,1,1,2
17301,1,0,0,0,0,0,0,0,0,0,0,0,0,0,0,0,0,0,1,0,1
17302,0,0,0,0,0,0,0,0,0,0,0,0,1,0,1,0,0,0,0,0,2
17303,0,0,0,0,0,0,0,0,0,0,0,0,1,0,0,0,0,0,0,0,1
17304,0,0,0,1,0,0,0,0,0,0,1,0,0,0,0,0,0,0,1,1,2
17305,0,0,0,0,1,0,0,0,0,0,0,0,0,0,0,0,0,0,1,0,1
17306,0,0,1,0,0,0,0,0,0,0,0,0,0,0,0,0,0,0,1,0,1
17307,0,0,0,0,0,0,0,0,0,0,0,0,0,0,0,1,0,0,0,0,1
17308,0,0,0,0,0,0,0,0,1,0,0,0,0,0,0,0,0,0,1,0,1
17309,1,0,0,0,0,0,0,0,1,0,0,0,0,0,0,0,0,0,1,0,2
17310,0,0,0,0,0,0,0,0,0,0,0,0,0,0,0,0,0,0,0,0,0
17311,1,0,0,0,0,0,0,0,0,0,0,0,0,0,0,0,0,0,1,0,1
17312,0,0,0,0,0,0,0,0,0,0,0,0,0,0,0,0,0,0,0,0,0
17313,0,0,0,0,0,0,0,0,0,0,0,0,0,0,0,0,0,0,0,0,0
17314,0,0,0,0,0,0,0,0,0,0,0,0,0,0,0,0,0,0,0,0,0
17315,0,0,1,0,0,0,0,0,0,0,1,0,0,0,0,0,0,0,1,1,2
17316,0,0,0,0,0,0,0,0,0,0,0,0,0,0,0,0,0,0,0,0,0
17317,0,0,0,0,0,0,0,0,0,0,0,0,0,0,0,0,0,0,0,0,0
17318,0,0,0,0,0,0,0,0,0,0,0,0,1,0,1,0,0,0,0,0,2
17319,0,0,0,0,0,0,0,0,0,0,1,0,0,0,0,0,0,0,0,0,1
17320,0,0,0,0,0,0,0,0,0,0,0,0,0,0,0,0,0,0,0,0,0
17321,0,0,0,0,0,0,0,0,0,0,0,0,0,0,0,0,0,0,0,0,0
17322,0,0,0,0,0,0,0,0,0,0,0,0,0,0,0,0,0,0,0,0,0
17323,1,0,0,0,0,0,0,0,0,0,0,0,0,0,0,0,0,0,1,0,1
17324,0,0,1,0,0,0,0,0,0,0,0,0,0,0,0,1,0,0,1,1,2
17325,1,0,0,0,0,0,0,0,0,0,0,0,0,0,0,0,0,0,1,0,1
17326,0,0,0,0,0,0,0,0,0,0,0,0,0,0,0,0,0,0,0,0,0
17327,0,0,1,0,0,0,0,0,0,0,1,0,0,0,0,0,0,0,1,1,2
17328,1,0,0,0,0,0,0,0,0,0,0,0,0,0,0,0,0,0,1,0,1
17329,1,0,0,0,0,0,0,0,0,0,0,0,0,0,0,0,0,0,1,0,1
17330,0,0,0,0,0,0,0,0,0,0,0,0,0,0,0,0,0,0,0,0,0
17331,0,0,0,0,0,0,0,0,0,0,0,0,0,0,0,0,0,0,0,0,0
17332,0,0,0,0,0,0,0,0,0,0,0,0,0,0,0,0,0,1,0,0,1
17333,0,0,0,0,0,0,0,0,0,0,1,0,0,0,0,0,0,0,0,0,1
17334,0,0,1,0,0,0,0,0,0,0,0,0,0,0,0,1,0,0,1,1,2
17335,0,0,0,0,1,0,0,0,0,0,0,0,0,0,0,0,0,0,1,0,1
17336,0,0,0,0,0,0,0,0,0,0,0,0,0,0,0,0,0,0,0,0,0
17337,0,0,1,0,0,0,0,0,0,0,1,0,0,0,0,0,0,0,1,1,2
17338,0,0,0,0,0,0,0,0,0,0,0,0,1,0,0,0,0,0,0,0,1
17339,0,0,0,0,0,0,0,0,0,0,1,0,0,0,0,0,0,0,0,0,1
17340,0,0,0,0,0,0,0,0,0,0,0,0,0,0,0,0,0,0,0,0,0
17341,0,0,0,0,0,0,0,0,0,0,0,0,0,0,0,0,0,1,0,0,1
17342,0,0,1,0,0,0,0,0,0,0,1,0,0,0,0,0,0,0,1,1,2
17343,0,0,0,0,0,0,0,0,0,0,0,0,0,0,0,0,0,0,0,0,0
17344,0,0,0,0,1,0,0,0,0,0,0,0,1,0,1,0,0,0,1,1,3
17345,0,0,0,0,0,0,0,0,0,0,0,0,0,0,0,0,0,0,0,0,0
17346,0,0,0,0,0,0,0,0,0,0,0,0,0,0,0,0,0,0,0,0,0
17347,0,0,0,0,0,0,0,0,0,0,0,0,0,0,0,0,0,0,0,0,0
17348,0,0,0,0,0,0,0,0,0,0,0,0,0,1,0,1,0,0,0,0,2
17349,0,0,0,0,0,0,0,0,0,0,0,0,0,0,0,0,0,0,0,0,0
17350,0,0,0,0,0,0,0,0,1,0,0,1,0,0,0,0,0,0,1,1,2
17351,0,0,0,0,0,0,0,0,0,0,0,0,0,0,0,0,0,0,0,0,0
17352,0,0,0,0,0,0,0,0,0,0,0,0,0,0,0,0,0,0,0,0,0
17353,1,0,0,0,0,0,0,0,0,0,0,0,0,0,0,0,0,0,1,0,1
17354,0,0,0,0,0,0,0,0,0,0,1,0,0,0,0,0,0,0,0,0,1
17355,0,1,0,0,0,0,0,0,0,0,1,0,0,0,0,0,0,0,1,1,2
17356,0,0,0,0,0,0,0,0,0,0,0,0,0,0,0,0,0,0,0,0,0
17357,0,0,0,0,0,0,0,0,0,0,0,0,0,0,0,0,0,0,0,0,0
17358,0,0,0,0,0,0,0,0,0,0,0,0,0,0,0,0,0,0,0,0,0
17359,0,0,0,0,0,0,0,0,0,0,0,0,0,0,0,0,0,0,0,0,0
17360,0,0,0,0,0,0,0,0,0,0,0,0,0,0,0,0,0,0,0,0,0
17361,0,0,0,0,0,0,0,0,0,0,1,0,0,0,0,0,0,0,0,0,1
17362,0,0,0,0,0,0,0,0,0,0,0,0,0,0,0,0,0,0,0,0,0
17363,0,0,0,0,0,0,0,0,0,0,1,0,0,0,0,0,0,0,0,0,1
17364,0,0,0,0,0,0,0,0,0,0,0,1,0,0,0,0,0,0,0,0,1
17365,0,0,0,0,0,0,0,0,0,0,0,0,0,0,0,0,0,0,0,0,0
17366,0,0,0,0,0,0,0,0,0,0,1,0,0,0,0,0,0,0,0,0,1
17367,0,0,0,0,0,0,0,0,0,0,0,0,1,0,0,0,0,0,0,0,1
17368,0,0,0,0,0,0,0,0,1,0,0,0,0,0,0,0,0,0,1,0,1
17369,0,0,0,0,0,0,0,0,1,0,0,0,0,0,0,0,0,0,1,0,1
17370,0,0,0,0,0,0,1,0,0,0,0,0,0,0,0,0,0,0,1,0,1
17371,0,0,0,0,0,0,0,0,0,0,0,1,0,0,0,0,0,0,0,0,1
17372,0,0,0,0,0,0,0,0,0,0,1,0,0,0,0,0,0,0,0,0,1
17373,0,0,0,0,0,0,0,0,0,0,1,0,0,0,0,0,0,0,0,0,1
17374,0,0,0,0,0,0,0,0,0,0,0,0,0,0,0,0,0,0,0,0,0
17375,0,0,0,0,0,0,0,0,0,0,0,0,0,0,0,0,0,0,0,0,0
17376,0,0,0,0,0,0,0,0,0,0,0,0,0,0,0,0,0,0,0,0,0
17377,0,0,0,0,0,0,0,0,1,0,0,0,0,0,0,0,0,0,1,0,1
17378,0,0,1,0,0,0,0,0,0,0,0,0,0,0,0,0,0,0,1,0,1
17379,0,0,1,0,0,0,0,0,0,0,0,0,0,0,0,0,0,0,1,0,1
17380,0,0,0,0,0,0,0,0,0,0,0,0,0,0,0,0,0,0,0,0,0
17381,0,0,1,0,0,0,0,0,0,0,0,1,0,0,0,0,0,1,1,1,3
17382,0,0,0,0,0,0,0,0,0,0,0,0,0,0,0,0,0,0,0,0,0
17383,0,0,0,0,0,0,0,0,0,0,0,0,0,0,0,0,0,0,0,0,0
17384,0,0,0,0,1,0,0,0,0,0,0,0,0,0,0,0,0,0,1,0,1
17385,1,0,0,0,0,0,0,0,1,0,0,1,0,0,0,0,0,0,1,1,3
17386,0,0,0,0,1,0,0,0,0,0,0,0,1,0,1,0,0,0,1,1,3
17387,0,0,1,0,0,0,0,0,0,0,0,0,0,0,0,0,0,0,1,0,1
17388,0,0,0,0,0,0,0,0,0,0,0,0,0,0,0,0,0,0,0,0,0
17389,0,0,0,0,0,0,0,1,0,0,0,0,0,0,0,0,0,0,1,0,1
17390,0,0,0,0,0,0,0,0,0,0,0,0,0,0,0,0,0,0,0,0,0
17391,1,0,0,0,0,0,0,0,0,0,0,0,0,0,0,0,0,0,1,0,1
17392,0,0,0,0,0,0,0,0,0,0,0,0,0,0,0,0,0,0,0,0,0
17393,0,1,0,0,0,0,0,0,1,0,0,0,0,0,0,0,0,0,1,0,2
17394,0,0,0,0,0,0,0,0,1,0,0,0,0,0,0,0,0,0,1,0,1
17395,0,0,0,0,1,0,0,0,0,0,0,0,0,0,1,0,0,0,1,1,2
17396,0,0,0,0,0,0,0,0,0,0,0,0,0,0,0,0,0,0,0,0,0
17397,0,0,0,0,0,0,0,0,0,0,1,0,0,0,0,0,0,0,0,0,1
17398,0,1,0,0,0,0,0,0,0,0,0,0,0,0,0,0,0,0,1,0,1
17399,0,0,0,0,0,0,0,0,0,0,0,0,0,0,0,0,0,0,0,0,0
17400,0,0,0,0,0,0,0,0,0,0,0,0,0,0,0,0,0,0,0,0,0
17401,0,0,1,0,0,0,0,0,0,0,0,0,0,0,0,0,0,0,1,0,1
17402,1,0,0,0,0,0,0,0,0,0,0,0,0,0,0,0,0,0,1,0,1
17403,0,0,0,1,0,0,0,0,0,0,0,0,0,0,0,0,0,0,1,0,1
17404,0,0,0,0,0,0,0,0,0,0,0,0,0,0,0,0,0,0,0,0,0
17405,0,0,0,0,0,0,0,0,0,0,0,0,0,0,0,0,0,0,0,0,0
17406,0,0,1,0,0,0,0,0,0,0,0,0,0,0,0,0,0,0,1,0,1
17407,0,0,1,0,0,0,0,0,0,0,1,0,0,0,0,0,0,0,1,1,2
17408,0,0,1,0,0,0,0,0,0,0,0,0,0,0,0,0,0,0,1,0,1
17409,0,0,0,0,0,0,0,0,0,0,0,1,0,0,0,0,0,0,0,0,1
17410,1,0,0,0,0,0,0,0,0,0,0,0,0,0,0,0,0,0,1,0,1
17411,0,0,0,0,0,0,0,0,0,0,0,0,0,0,0,0,0,0,0,0,0
17412,0,0,1,0,0,0,0,0,0,0,0,0,1,0,0,0,0,0,1,1,2
17413,0,0,1,0,0,0,0,0,0,0,0,0,0,0,0,0,0,0,1,0,1
17414,0,0,0,0,0,0,0,0,0,0,1,0,0,0,0,1,0,0,0,0,2
17415,1,0,0,0,0,0,0,0,0,0,0,0,0,0,0,0,0,0,1,0,1
17416,0,0,0,0,0,0,0,0,0,0,0,0,0,0,0,0,0,0,0,0,0
17417,0,0,0,0,0,0,0,0,0,0,0,0,0,0,1,0,0,0,0,0,1
17418,0,0,0,0,1,0,0,0,0,0,0,1,0,0,0,0,0,0,1,1,2
17419,0,0,0,0,0,0,0,0,0,0,0,0,0,1,0,1,0,0,0,0,2
17420,0,0,1,0,0,0,0,0,0,0,1,0,0,0,0,0,0,0,1,1,2
17421,0,0,0,0,0,0,0,0,0,0,0,0,0,0,0,0,0,0,0,0,0
17422,0,0,1,0,0,0,0,0,0,0,0,0,0,0,0,1,0,0,1,1,2
17423,0,0,0,0,0,0,0,0,0,0,0,0,0,0,1,0,0,0,0,0,1
17424,0,0,1,0,0,1,0,0,0,0,1,0,0,0,0,0,0,0,1,1,3
17425,0,0,0,0,0,0,0,1,0,0,1,0,0,0,0,0,0,0,1,1,2
17426,0,0,0,0,0,0,0,0,0,0,1,0,0,0,0,1,0,0,0,0,2
17427,0,0,0,0,0,0,0,0,0,0,0,0,0,0,0,0,0,0,0,0,0
17428,0,0,0,0,0,0,0,0,0,0,0,0,0,0,0,0,0,0,0,0,0
17429,1,0,0,0,0,0,0,0,0,0,0,0,0,0,0,0,0,0,1,0,1
17430,0,0,0,0,0,0,0,0,0,0,0,0,0,0,0,0,0,0,0,0,0
17431,0,0,1,0,0,0,0,0,0,0,0,0,0,0,0,0,0,0,1,0,1
17432,0,0,0,0,0,0,0,0,0,0,0,1,0,0,0,0,0,0,0,0,1
17433,0,0,0,0,0,0,0,0,0,0,0,0,0,0,0,0,0,0,0,0,0
17434,0,0,1,0,0,0,0,0,0,0,0,0,0,0,0,0,0,0,1,0,1
17435,1,0,0,0,0,0,0,0,0,0,0,0,0,0,0,0,0,0,1,0,1
17436,0,0,0,0,0,0,0,0,0,0,0,0,0,0,0,0,0,0,0,0,0
17437,0,0,0,0,0,0,0,0,0,0,0,0,0,0,0,0,0,0,0,0,0
17438,0,0,0,0,0,0,0,0,0,0,0,0,0,0,0,0,0,1,0,0,1
17439,0,0,0,0,0,0,0,0,1,0,0,0,0,0,0,0,0,0,1,0,1
17440,1,0,0,0,0,0,0,0,1,0,0,0,0,0,0,0,0,0,1,0,2
17441,0,0,0,0,0,0,0,0,0,0,0,0,0,0,0,0,0,0,0,0,0
17442,0,0,0,0,0,0,0,0,0,0,0,0,0,0,0,0,0,0,0,0,0
17443,0,0,0,0,1,0,0,0,0,0,0,1,1,0,1,0,0,0,1,1,4
17444,0,0,0,0,0,0,0,0,0,0,0,0,0,0,0,0,0,0,0,0,0
17445,0,0,0,0,0,0,0,0,0,0,0,0,0,0,0,0,0,0,0,0,0
17446,1,0,0,0,0,0,0,0,0,0,0,0,0,0,0,0,0,0,1,0,1
17447,0,1,0,0,0,0,0,0,0,0,0,0,0,0,0,0,1,0,1,1,2
17448,0,0,0,0,0,0,0,0,0,0,0,0,0,0,0,0,0,0,0,0,0
17449,0,0,0,0,0,0,0,0,1,0,0,0,0,0,0,0,0,0,1,0,1
17450,1,0,0,0,0,0,0,0,0,0,0,0,0,0,0,0,0,0,1,0,1
17451,1,1,0,0,0,0,0,0,0,0,0,0,0,0,0,0,0,0,1,0,2
17452,0,0,0,0,1,0,0,0,0,0,0,0,0,0,0,0,0,0,1,0,1
17453,0,0,1,0,0,0,0,0,0,0,0,0,0,0,0,0,0,1,1,1,2
17454,1,0,0,0,0,0,0,0,0,0,0,0,0,0,0,0,0,0,1,0,1
17455,0,0,0,0,0,0,0,0,0,0,0,1,0,0,0,0,0,1,0,0,2
17456,0,0,0,1,0,0,0,0,1,0,0,0,0,0,0,0,0,0,1,0,2
17457,1,0,1,0,0,0,0,0,0,0,0,0,1,0,0,0,0,0,1,1,3
17458,0,0,0,0,0,0,1,0,0,0,0,0,0,0,0,1,0,0,1,1,2
17459,1,0,0,0,0,0,0,0,0,0,0,0,0,0,0,0,0,0,1,0,1
17460,0,0,0,0,0,0,0,0,0,0,0,0,0,0,0,0,0,0,0,0,0
17461,0,0,0,0,0,0,0,0,0,0,0,0,0,0,0,0,0,0,0,0,0
17462,1,0,0,0,0,0,0,0,0,0,0,0,0,0,0,0,0,0,1,0,1
17463,0,0,0,0,0,0,0,0,0,0,1,0,0,0,0,0,0,0,0,0,1
17464,0,0,1,0,0,0,0,0,0,0,0,0,0,0,0,0,0,1,1,1,2
17465,0,0,0,0,0,0,0,0,0,0,0,0,0,0,0,0,0,0,0,0,0
17466,1,0,0,0,0,0,0,0,0,0,0,0,0,0,0,0,0,0,1,0,1
17467,0,0,0,0,0,0,0,0,0,0,0,0,0,0,0,0,0,0,0,0,0
17468,0,0,0,0,0,0,0,0,0,0,0,0,0,0,0,0,0,0,0,0,0
17469,0,0,0,0,1,0,0,0,0,0,0,0,0,0,0,0,0,0,1,0,1
17470,1,0,0,0,0,0,0,0,0,0,0,0,0,0,0,0,0,0,1,0,1
17471,1,0,0,0,0,0,0,0,0,0,0,0,0,0,0,0,0,0,1,0,1
17472,0,0,0,0,0,0,0,0,0,0,0,0,0,0,0,0,0,0,0,0,0
17473,0,0,1,0,0,0,0,0,0,0,1,0,0,0,0,0,0,0,1,1,2
17474,0,0,0,0,0,0,0,0,0,0,0,0,0,0,0,0,0,0,0,0,0
17475,0,0,1,0,0,0,0,0,0,0,0,0,0,0,0,0,0,0,1,0,1
17476,0,0,0,0,1,0,0,0,0,0,0,0,0,0,0,0,0,0,1,0,1
17477,1,0,1,0,0,0,0,0,0,0,0,0,0,0,0,0,0,0,1,0,2
17478,0,0,0,0,0,0,0,0,0,0,0,0,0,0,0,0,0,0,0,0,0
17479,0,0,0,0,0,0,0,0,0,0,0,0,1,0,0,0,0,0,0,0,1
17480,0,0,0,0,0,0,0,0,0,0,0,0,0,0,0,0,0,0,0,0,0
17481,1,0,0,0,0,0,0,0,1,0,0,0,1,0,0,0,0,0,1,1,3
17482,0,0,1,0,0,0,0,0,1,0,0,0,0,0,0,0,0,0,1,0,2
17483,0,0,0,0,0,0,0,0,0,0,0,0,0,0,0,0,0,0,0,0,0
17484,0,1,0,0,0,0,0,0,0,0,0,0,0,0,0,0,0,0,1,0,1
17485,0,0,0,0,0,0,0,0,0,0,0,0,0,0,0,0,0,0,0,0,0
17486,0,0,0,0,0,0,0,0,0,0,0,0,0,0,0,0,0,0,0,0,0
17487,0,0,0,0,0,0,0,0,0,0,0,0,0,0,0,0,0,0,0,0,0
17488,0,0,0,0,0,0,0,0,0,0,0,0,0,0,0,0,0,0,0,0,0
17489,0,0,0,0,0,0,0,0,0,0,0,0,0,0,0,0,0,0,0,0,0
17490,0,0,0,0,0,0,0,0,0,0,0,0,0,0,0,0,0,0,0,0,0
17491,0,0,0,0,0,0,0,0,0,0,0,0,0,1,0,0,0,0,0,0,1
17492,0,0,0,0,0,0,0,0,0,0,0,0,0,0,0,0,0,0,0,0,0
17493,0,0,0,0,0,0,0,0,0,0,0,0,0,0,0,0,0,0,0,0,0
17494,0,0,0,0,0,0,0,0,0,0,1,0,0,0,0,0,0,0,0,0,1
17495,0,0,0,0,1,0,0,0,0,0,0,0,0,0,1,0,0,0,1,1,2
17496,0,0,1,0,0,0,0,0,0,0,0,0,0,0,0,0,0,0,1,0,1
17497,0,0,0,0,0,0,0,0,1,0,0,0,0,0,0,0,0,0,1,0,1
17498,0,0,0,0,0,0,0,0,0,0,0,0,0,0,0,0,0,0,0,0,0
17499,0,0,0,0,0,1,0,0,0,0,0,0,0,0,0,0,0,0,1,0,1
17500,0,0,0,0,0,0,0,0,0,0,0,0,1,0,0,0,0,0,0,0,1
17501,0,0,0,0,0,0,0,0,0,0,0,0,0,0,0,1,0,0,0,0,1
17502,0,0,0,0,0,0,0,0,0,0,0,0,0,0,0,0,0,0,0,0,0
17503,1,0,0,0,0,0,0,0,1,0,0,0,0,0,0,0,0,0,1,0,2
17504,0,0,0,0,0,0,0,0,0,0,0,0,0,0,0,0,0,0,0,0,0
17505,0,0,0,0,0,0,0,0,0,0,0,0,1,0,1,0,0,0,0,0,2
17506,0,0,0,0,1,0,0,0,0,0,0,0,0,0,0,0,0,0,1,0,1
17507,0,0,0,0,0,0,0,0,0,0,0,0,0,1,0,1,0,0,0,0,2
17508,1,0,1,0,0,0,0,0,0,1,0,0,0,0,0,0,0,0,1,0,3
17509,0,0,0,0,0,0,0,0,0,0,0,0,0,0,0,0,0,0,0,0,0
17510,1,0,0,0,0,0,0,0,0,0,0,0,0,0,0,0,0,0,1,0,1
17511,0,0,1,0,0,0,0,0,0,0,0,0,0,0,0,0,0,1,1,1,2
17512,1,0,0,0,0,0,0,0,0,0,0,0,0,0,0,0,0,0,1,0,1
17513,0,0,0,0,0,0,0,0,1,0,0,1,0,0,0,0,0,0,1,1,2
17514,0,0,0,0,0,0,0,0,0,0,0,0,0,0,0,0,0,0,0,0,0
17515,0,0,1,0,0,0,0,0,0,0,0,0,0,0,0,0,0,0,1,0,1
17516,0,0,1,0,0,0,0,0,0,0,0,0,0,0,0,0,0,0,1,0,1
17517,0,0,0,0,1,0,0,0,0,0,0,0,0,0,0,0,0,0,1,0,1
17518,0,0,1,0,0,0,0,0,0,0,0,0,0,0,0,1,0,0,1,1,2
17519,0,0,0,0,0,0,0,0,1,0,0,0,0,0,0,0,0,0,1,0,1
17520,0,0,0,0,0,0,0,0,0,0,0,0,1,0,0,0,0,0,0,0,1
17521,0,0,0,0,0,0,0,0,0,0,0,0,0,0,0,0,1,0,0,0,1
17522,1,0,0,0,0,0,0,0,0,0,0,0,0,0,0,0,0,0,1,0,1
17523,0,0,0,0,0,0,0,0,0,0,0,0,0,0,0,0,0,0,0,0,0
17524,0,0,0,0,0,0,0,0,0,0,0,1,0,0,0,0,0,0,0,0,1
17525,0,0,1,0,0,0,0,0,0,0,0,0,0,0,0,1,0,0,1,1,2
17526,0,0,1,0,0,0,0,0,0,0,0,0,0,0,0,0,0,0,1,0,1
17527,0,0,0,0,0,0,0,0,0,0,0,0,0,0,0,0,0,0,0,0,0
17528,0,0,1,0,0,0,0,0,0,0,0,0,0,0,0,0,0,0,1,0,1
17529,0,0,1,0,0,0,0,0,0,0,0,0,0,0,0,0,0,0,1,0,1
17530,0,0,0,0,0,0,0,0,0,0,0,0,0,0,0,0,0,0,0,0,0
17531,0,0,0,0,0,0,0,0,0,0,0,0,0,0,0,0,0,0,0,0,0
17532,0,0,0,0,0,0,0,0,0,0,0,0,0,0,0,1,0,0,0,0,1
17533,0,0,0,0,0,0,0,0,0,0,0,1,0,0,0,0,0,0,0,0,1
17534,0,0,0,0,0,0,0,0,0,0,0,0,0,0,0,0,0,0,0,0,0
17535,0,0,0,0,0,0,0,0,0,0,0,0,0,0,0,0,0,0,0,0,0
17536,0,0,1,0,0,0,0,0,0,0,1,0,0,0,0,0,0,0,1,1,2
17537,0,0,0,0,1,0,0,0,0,0,0,0,0,0,0,0,1,0,1,1,2
17538,1,0,0,0,0,0,0,0,0,0,0,0,0,0,0,0,0,0,1,0,1
17539,0,0,1,0,0,0,0,0,0,0,1,0,0,0,0,0,0,0,1,1,2
17540,0,0,1,0,0,0,0,0,0,0,0,0,0,0,0,1,0,1,1,1,3
17541,0,0,0,0,0,0,0,0,0,0,0,0,0,0,0,0,0,0,0,0,0
17542,0,0,0,0,0,0,0,0,0,0,0,0,0,0,0,0,0,0,0,0,0
17543,1,0,0,0,0,0,0,0,0,0,0,0,1,0,1,0,0,0,1,1,3
17544,0,0,1,0,0,0,0,0,0,0,1,0,0,0,0,1,0,0,1,1,3
17545,0,0,0,0,0,0,0,0,0,0,0,0,1,0,0,0,0,0,0,0,1
17546,0,0,0,0,0,0,0,0,0,0,0,0,0,0,0,0,0,0,0,0,0
17547,0,0,0,0,0,0,0,0,0,0,0,0,0,0,0,0,0,0,0,0,0
17548,0,0,0,0,0,0,0,0,0,0,0,0,1,0,0,0,0,0,0,0,1
17549,0,0,0,0,0,0,0,0,0,0,0,0,0,0,0,0,0,0,0,0,0
17550,0,0,0,0,0,0,0,0,0,0,0,0,0,0,0,0,0,0,0,0,0
17551,0,0,0,0,0,0,0,0,0,0,0,0,0,0,0,0,0,0,0,0,0
17552,0,0,0,0,1,0,0,0,0,0,0,0,0,0,1,0,0,0,1,1,2
17553,1,0,0,0,0,0,0,0,0,0,0,0,0,0,0,0,0,0,1,0,1
17554,0,0,0,0,0,0,0,0,0,0,0,0,0,0,0,0,0,0,0,0,0
17555,0,0,1,0,0,1,0,0,0,0,1,0,0,0,0,0,0,0,1,1,3
17556,0,0,0,0,0,0,0,0,0,0,0,0,0,0,0,0,0,0,0,0,0
17557,0,0,0,0,0,0,0,0,0,0,0,0,0,0,0,0,0,0,0,0,0
17558,0,0,0,0,0,0,0,0,0,0,0,0,0,0,0,0,0,0,0,0,0
17559,0,0,0,0,0,0,0,0,0,0,1,0,0,0,0,1,0,0,0,0,2
17560,0,0,1,0,0,0,0,0,0,0,1,1,0,0,0,0,0,0,1,1,3
17561,0,0,0,1,0,0,0,0,0,0,0,0,0,0,0,0,0,0,1,0,1
17562,0,0,0,0,0,0,0,0,0,0,0,0,0,0,0,0,0,0,0,0,0
17563,0,0,0,1,0,0,0,0,0,0,1,0,0,0,0,0,0,0,1,1,2
17564,1,0,0,0,0,0,0,0,0,0,0,0,0,0,0,0,0,0,1,0,1
17565,0,0,0,0,0,0,0,0,0,0,0,0,0,0,0,0,0,0,0,0,0
17566,0,0,0,0,0,0,0,0,0,0,0,0,0,0,0,0,0,0,0,0,0
17567,1,0,0,0,0,0,0,0,0,0,0,0,0,1,0,0,0,0,1,1,2
17568,1,0,0,0,0,0,0,0,0,0,0,0,0,0,0,1,0,0,1,1,2
17569,0,0,0,0,0,0,0,0,0,0,0,0,0,0,0,1,0,0,0,0,1
17570,0,0,0,0,0,0,0,0,0,0,0,0,0,0,0,0,0,0,0,0,0
17571,0,0,0,0,1,0,0,0,0,0,0,0,0,0,1,0,0,0,1,1,2
17572,0,0,0,0,0,0,0,0,1,0,0,0,0,0,0,0,0,0,1,0,1
17573,0,0,0,0,0,0,0,0,0,0,0,0,0,0,0,0,0,0,0,0,0
17574,0,0,0,0,0,0,0,0,0,0,0,0,0,1,0,0,0,0,0,0,1
17575,0,0,0,0,1,0,0,0,0,0,0,0,0,0,1,0,0,0,1,1,2
17576,0,0,0,1,0,0,0,0,0,0,0,0,0,0,0,0,0,0,1,0,1
17577,0,0,0,0,0,0,0,0,1,0,0,0,0,0,0,1,0,0,1,1,2
17578,0,0,0,0,0,0,0,0,0,0,0,0,1,0,1,0,0,0,0,0,2
17579,0,0,1,0,0,0,0,0,0,0,0,0,0,0,0,0,0,0,1,0,1
17580,1,0,0,0,1,0,0,0,1,0,0,0,0,0,0,0,0,0,1,0,3
17581,0,0,0,0,0,0,0,0,0,0,0,0,0,0,0,0,0,0,0,0,0
17582,0,0,1,0,0,0,0,0,0,0,0,0,0,0,0,0,0,0,1,0,1
17583,0,0,0,0,0,0,0,0,0,0,0,0,0,0,0,0,0,0,0,0,0
17584,0,0,0,0,0,0,0,0,0,0,0,0,0,0,0,0,0,0,0,0,0
17585,0,0,1,0,1,0,0,0,0,0,0,0,0,0,0,0,0,0,1,0,2
17586,0,0,0,0,0,0,0,0,0,0,0,0,0,0,0,0,0,0,0,0,0
17587,0,0,0,0,0,0,0,0,0,0,0,0,0,0,0,0,0,0,0,0,0
17588,0,0,0,0,0,0,0,0,0,0,1,0,0,0,0,0,0,0,0,0,1
17589,0,0,0,0,0,0,0,0,0,0,0,0,0,0,0,0,0,0,0,0,0
17590,0,1,0,0,1,0,0,0,0,0,0,0,0,0,0,0,0,0,1,0,2
17591,1,0,0,0,0,0,0,0,0,0,0,0,0,0,0,0,0,0,1,0,1
17592,0,0,1,0,0,0,0,0,0,0,0,0,0,0,0,0,0,0,1,0,1
17593,0,0,0,0,0,0,0,0,0,0,0,0,1,0,0,0,1,0,0,0,2
17594,0,0,0,0,0,0,0,0,0,0,0,0,0,0,0,0,0,0,0,0,0
17595,0,0,0,0,0,0,0,0,0,0,0,0,0,0,0,0,0,0,0,0,0
17596,0,0,0,0,0,0,0,0,0,0,1,0,0,0,0,0,0,0,0,0,1
17597,0,0,1,0,0,0,0,0,0,0,0,0,0,0,0,0,0,0,1,0,1
17598,0,0,0,0,0,0,0,0,0,0,0,0,1,0,1,0,0,0,0,0,2
17599,0,0,0,0,0,0,0,0,0,0,0,0,0,0,1,0,0,0,0,0,1
17600,0,0,0,0,0,0,0,0,0,0,0,0,0,0,0,0,0,0,0,0,0
17601,0,0,0,0,0,0,0,0,0,0,0,0,0,0,0,0,0,0,0,0,0
17602,1,0,0,0,0,1,0,0,0,0,0,0,0,0,0,0,0,0,1,0,2
17603,0,0,0,0,0,0,0,0,0,0,0,0,0,0,0,0,0,0,0,0,0
17604,0,0,0,0,0,0,0,0,0,0,0,0,0,0,0,0,1,0,0,0,1
17605,0,0,1,0,0,0,0,0,0,0,0,1,0,0,0,0,0,1,1,1,3
17606,0,0,1,0,0,0,0,0,0,0,0,0,0,0,0,0,0,0,1,0,1
17607,0,0,0,0,0,0,0,0,0,0,0,0,0,0,0,0,0,0,0,0,0
17608,0,0,0,0,0,0,0,0,0,0,0,0,0,0,0,0,0,0,0,0,0
17609,1,0,0,0,0,0,0,0,0,0,0,0,0,0,0,0,0,0,1,0,1
17610,0,0,0,0,0,0,0,0,0,0,0,0,0,0,0,0,0,0,0,0,0
17611,0,0,0,0,0,0,0,0,0,0,0,0,0,0,0,0,0,0,0,0,0
17612,0,0,0,0,0,0,0,0,0,0,0,0,0,0,0,0,0,0,0,0,0
17613,0,0,0,0,0,0,0,0,0,0,0,0,0,0,0,0,0,0,0,0,0
17614,0,0,0,0,0,0,0,0,0,0,1,0,0,0,0,0,0,0,0,0,1
17615,0,0,1,0,0,0,0,0,1,0,0,0,0,0,0,0,0,0,1,0,2
17616,0,0,0,0,0,0,0,0,0,0,0,0,0,0,0,0,0,0,0,0,0
17617,0,0,0,1,0,0,0,0,1,0,0,0,0,0,0,0,0,0,1,0,2
17618,0,0,0,0,0,0,0,0,0,0,1,0,0,0,0,0,0,0,0,0,1
17619,0,0,1,0,0,0,0,0,0,0,0,0,0,0,0,0,0,0,1,0,1
17620,0,0,1,0,0,0,0,0,0,0,0,0,0,0,0,0,0,1,1,1,2
17621,0,0,0,0,1,0,0,0,0,0,0,0,0,0,0,1,0,0,1,1,2
17622,0,0,0,0,0,0,0,0,0,0,0,0,0,0,1,0,0,0,0,0,1
17623,0,0,0,0,0,0,0,0,0,0,0,0,0,0,0,0,0,0,0,0,0
17624,0,1,0,0,0,0,0,0,0,0,0,0,0,0,0,0,0,0,1,0,1
17625,0,0,0,0,0,0,0,0,0,0,0,0,0,0,0,0,0,0,0,0,0
17626,0,0,0,0,0,0,0,0,0,0,0,0,0,0,0,0,0,0,0,0,0
17627,0,0,0,0,0,0,0,0,0,0,1,0,0,0,0,0,0,0,0,0,1
17628,0,0,0,0,0,0,0,0,0,0,0,0,0,0,0,0,0,0,0,0,0
17629,0,0,0,0,0,0,0,0,0,0,0,0,0,0,0,0,0,0,0,0,0
17630,0,0,0,0,0,1,0,0,0,0,0,0,0,0,0,0,0,0,1,0,1
17631,0,0,1,0,1,0,0,0,0,0,0,0,0,0,0,0,0,0,1,0,2
17632,0,0,0,0,0,0,0,0,0,0,0,0,1,0,1,0,0,0,0,0,2
17633,0,0,0,0,0,0,0,0,0,0,0,0,0,0,0,0,0,0,0,0,0
17634,0,0,0,0,1,0,0,0,0,0,0,0,1,0,1,0,0,0,1,1,3
17635,1,0,0,0,0,0,0,0,0,0,0,0,0,1,0,0,0,0,1,1,2
17636,0,0,0,0,0,0,1,0,1,0,0,0,0,0,0,0,0,0,1,0,2
17637,0,0,0,0,0,0,0,0,0,0,1,0,0,0,0,0,0,0,0,0,1
17638,0,0,1,0,0,0,0,0,0,0,0,0,0,0,0,0,0,0,1,0,1
17639,0,0,0,0,0,0,0,0,0,0,0,0,0,0,0,0,0,0,0,0,0
17640,0,0,0,0,0,0,0,0,0,0,1,0,0,0,0,0,0,0,0,0,1
17641,1,0,0,0,0,0,0,0,0,0,0,0,0,0,0,0,0,0,1,0,1
17642,0,0,0,0,0,0,0,0,0,0,0,1,0,0,0,0,0,0,0,0,1
17643,0,0,1,0,0,0,0,0,0,0,0,0,0,0,0,1,0,0,1,1,2
17644,0,0,0,0,0,0,0,0,0,0,0,0,0,0,0,0,0,0,0,0,0
17645,0,0,1,0,0,0,0,0,0,0,0,0,0,0,0,1,0,0,1,1,2
17646,0,0,0,0,1,0,0,0,0,0,0,0,1,0,0,0,0,0,1,1,2
17647,0,0,0,0,1,0,0,0,0,0,0,1,0,0,0,0,0,1,1,1,3
17648,0,0,1,0,0,0,0,0,0,0,0,0,0,0,0,0,0,0,1,0,1
17649,0,0,0,0,0,0,0,0,0,0,0,0,0,0,0,0,0,0,0,0,0
17650,0,0,0,0,0,0,0,0,0,0,1,0,0,0,0,0,0,0,0,0,1
17651,0,0,0,0,0,0,0,0,0,0,0,0,0,0,0,1,0,0,0,0,1
17652,0,0,0,0,0,0,0,0,0,0,0,0,0,0,0,0,0,0,0,0,0
17653,0,0,0,0,0,0,0,0,0,0,0,0,0,0,0,0,1,0,0,0,1
17654,0,0,0,0,0,0,0,0,0,0,0,0,0,0,0,0,0,0,0,0,0
17655,0,0,0,0,0,0,0,0,0,0,0,0,0,0,0,0,0,0,0,0,0
17656,0,0,0,0,1,0,0,0,0,0,0,0,0,0,0,0,0,0,1,0,1
17657,1,0,0,0,0,0,0,0,0,0,0,0,0,0,0,0,0,0,1,0,1
17658,0,0,0,0,0,0,0,0,0,0,0,0,0,0,0,0,0,0,0,0,0
17659,0,0,1,0,0,0,0,0,0,0,0,0,0,0,0,0,0,0,1,0,1
17660,0,0,0,0,1,0,0,0,0,0,0,0,1,0,1,0,0,0,1,1,3
17661,1,0,0,0,1,0,0,0,0,0,0,0,0,0,0,1,0,0,1,1,3
17662,0,0,0,0,0,0,0,0,0,0,0,0,0,0,0,0,0,0,0,0,0
17663,0,0,1,0,0,0,0,0,0,0,0,0,0,0,0,0,0,1,1,1,2
17664,0,0,0,0,0,0,0,0,0,0,0,0,0,0,0,0,1,0,0,0,1
17665,0,0,0,0,0,0,0,0,0,0,1,0,0,0,0,0,0,0,0,0,1
17666,1,0,0,0,0,0,0,0,0,0,0,0,1,0,1,0,0,0,1,1,3
17667,0,0,0,0,0,0,0,0,1,0,0,1,1,0,0,0,0,0,1,1,3
17668,0,0,0,0,0,0,0,0,0,0,0,0,0,0,0,0,0,0,0,0,0
17669,0,0,0,0,0,0,0,0,0,0,0,0,0,0,0,0,0,0,0,0,0
17670,0,0,0,0,0,0,0,0,0,0,0,0,0,0,0,0,0,0,0,0,0
17671,0,0,0,0,0,0,0,0,0,0,0,0,0,0,0,0,0,0,0,0,0
17672,0,0,1,0,0,0,0,0,0,0,0,0,1,0,1,0,0,0,1,1,3
17673,0,0,1,0,0,0,0,0,0,0,1,0,0,0,0,0,0,0,1,1,2
17674,0,0,0,0,0,0,0,0,0,0,0,0,0,0,0,0,0,0,0,0,0
17675,0,0,0,0,0,0,0,0,0,0,0,0,0,0,0,0,0,0,0,0,0
17676,1,0,0,0,0,0,0,0,0,0,0,0,1,0,0,0,0,0,1,1,2
17677,0,0,1,0,0,0,0,0,0,0,1,0,0,0,0,0,0,0,1,1,2
17678,1,0,1,0,0,0,0,0,0,0,0,0,1,0,0,0,0,0,1,1,3
17679,0,0,1,0,0,0,0,0,0,0,0,0,0,0,0,1,0,0,1,1,2
17680,0,0,0,0,0,0,0,0,0,0,0,0,0,0,0,0,0,0,0,0,0
17681,0,0,0,0,0,0,0,0,0,0,0,0,0,0,0,0,0,0,0,0,0
17682,0,0,0,0,0,0,0,0,1,0,0,0,0,0,0,0,1,0,1,1,2
17683,0,0,0,0,0,0,0,0,0,0,0,0,0,0,0,0,0,0,0,0,0
17684,0,0,0,0,0,0,0,0,0,0,0,0,0,0,0,0,0,0,0,0,0
17685,0,0,0,0,0,0,0,0,0,0,1,0,0,0,0,0,0,0,0,0,1
17686,0,0,0,0,0,0,0,0,0,0,0,0,0,0,0,1,0,0,0,0,1
17687,0,0,0,0,0,0,0,0,0,0,0,0,0,0,0,0,0,0,0,0,0
17688,0,0,1,0,0,0,0,0,0,0,0,0,0,0,0,0,0,0,1,0,1
17689,0,0,0,0,0,0,0,0,0,0,0,0,0,0,0,0,0,0,0,0,0
17690,0,0,0,0,1,0,0,0,0,0,0,0,0,0,0,0,0,0,1,0,1
17691,0,0,0,0,0,0,0,0,0,0,1,0,0,0,0,0,0,0,0,0,1
17692,0,0,0,0,0,0,0,0,0,0,0,0,0,0,0,0,0,0,0,0,0
17693,0,0,0,0,0,0,0,0,0,0,0,0,0,0,0,0,0,0,0,0,0
17694,0,0,1,0,0,0,0,0,0,0,0,0,0,0,0,1,0,0,1,1,2
17695,0,0,0,0,0,0,0,0,0,0,0,0,0,0,0,0,0,0,0,0,0
17696,0,0,0,1,0,0,0,0,0,0,0,0,0,0,0,0,0,0,1,0,1
17697,0,0,1,0,0,0,0,0,0,0,0,0,0,0,0,0,0,0,1,0,1
17698,0,0,0,0,0,0,0,0,0,0,0,0,0,0,0,0,0,0,0,0,0
17699,0,0,0,0,0,0,0,0,0,0,0,0,0,0,0,0,0,0,0,0,0
17700,0,0,0,0,0,0,0,0,0,0,0,0,0,0,0,0,0,0,0,0,0
17701,0,0,0,0,1,0,0,0,0,0,0,0,0,0,0,0,0,0,1,0,1
17702,0,0,1,0,0,0,0,0,0,0,0,0,1,0,0,0,0,0,1,1,2
17703,0,0,1,0,0,0,0,0,0,0,0,0,0,0,0,0,0,0,1,0,1
17704,0,0,0,0,0,0,0,0,0,0,0,0,0,0,0,0,0,0,0,0,0
17705,0,0,0,0,1,0,0,0,0,0,0,0,1,0,1,0,0,0,1,1,3
17706,0,0,0,0,0,0,0,0,0,0,0,0,0,0,0,0,0,0,0,0,0
17707,0,0,0,1,0,0,0,0,0,0,0,0,0,0,0,0,0,0,1,0,1
17708,0,0,1,0,0,0,0,0,0,0,0,0,0,0,1,0,0,0,1,1,2
17709,0,0,0,0,0,0,0,0,0,0,0,0,0,0,0,0,0,0,0,0,0
17710,0,0,1,0,0,0,0,0,1,0,0,0,1,0,0,0,0,0,1,1,3
17711,0,0,0,0,0,0,0,0,0,0,0,0,0,0,0,0,0,0,0,0,0
17712,0,0,0,0,0,0,0,0,0,0,0,0,0,1,0,0,0,0,0,0,1
17713,0,0,0,0,0,0,0,0,0,0,0,0,0,0,0,0,0,0,0,0,0
17714,0,0,0,0,0,0,0,0,0,0,0,0,0,0,0,0,0,0,0,0,0
17715,0,0,0,0,0,0,0,0,0,0,0,0,0,1,0,0,0,0,0,0,1
17716,0,0,0,0,0,0,0,0,0,0,0,1,0,0,0,0,0,0,0,0,1
17717,0,0,0,0,0,0,0,0,0,0,0,0,1,0,0,0,0,0,0,0,1
17718,0,0,0,0,0,0,0,0,0,1,0,0,0,0,0,0,0,0,1,0,1
17719,0,0,0,0,0,0,0,0,0,0,0,0,0,0,0,0,0,0,0,0,0
17720,0,0,0,0,0,0,0,0,0,0,0,0,0,0,0,0,0,0,0,0,0
17721,0,0,0,0,0,0,0,0,0,0,0,0,0,0,0,0,1,0,0,0,1
17722,0,0,0,1,0,0,0,0,0,0,0,0,0,0,1,0,0,0,1,1,2
17723,0,0,0,0,0,0,0,0,0,0,0,0,0,0,0,0,0,0,0,0,0
17724,0,0,0,0,0,0,0,0,0,0,0,0,0,0,0,0,0,0,0,0,0
17725,0,0,1,0,0,1,0,0,0,0,0,0,0,0,0,0,0,0,1,0,2
17726,0,0,0,0,0,0,0,0,0,0,0,0,0,0,0,0,0,0,0,0,0
17727,0,0,0,0,0,0,0,0,1,0,0,0,0,0,0,0,0,0,1,0,1
17728,0,0,0,0,0,0,0,0,0,0,0,0,0,0,1,0,0,0,0,0,1
17729,0,0,0,0,0,0,0,0,0,0,0,0,0,0,0,0,0,0,0,0,0
17730,0,0,0,0,0,0,0,0,0,0,0,0,0,0,0,0,0,0,0,0,0
17731,0,0,0,0,0,0,1,0,0,0,0,0,0,0,1,0,0,0,1,1,2
17732,1,0,0,0,0,0,0,0,0,0,0,0,0,0,0,0,0,0,1,0,1
17733,0,0,1,0,0,0,0,0,0,0,0,0,1,0,0,0,0,0,1,1,2
17734,0,0,0,0,0,0,0,0,0,0,0,0,0,0,1,0,0,0,0,0,1
17735,0,0,0,0,0,0,0,0,1,0,0,0,0,0,0,0,0,0,1,0,1
17736,1,0,0,0,0,0,0,0,0,0,0,0,1,0,1,0,0,0,1,1,3
17737,0,0,0,0,0,0,0,0,0,0,0,0,0,0,0,0,0,0,0,0,0
17738,0,0,0,0,0,0,0,0,0,0,0,0,0,0,0,0,0,0,0,0,0
17739,0,0,1,0,0,0,0,0,0,0,1,0,0,0,0,0,0,0,1,1,2
17740,0,0,0,0,0,0,0,0,0,0,0,0,1,0,1,0,0,0,0,0,2
17741,0,0,0,0,0,0,0,0,0,0,0,0,0,0,0,0,0,0,0,0,0
17742,0,0,0,0,0,0,0,0,0,0,0,1,0,0,0,0,0,0,0,0,1
17743,0,0,0,0,0,0,0,0,0,0,1,0,0,0,0,0,0,0,0,0,1
17744,1,0,0,0,0,0,0,0,0,0,0,0,0,0,0,0,0,0,1,0,1
17745,0,0,0,0,0,0,0,0,0,0,0,0,0,0,0,0,0,0,0,0,0
17746,0,0,0,0,0,0,0,0,0,0,0,0,1,0,0,1,0,0,0,0,2
17747,0,0,1,0,0,0,0,0,0,0,0,0,0,0,0,0,0,0,1,0,1
17748,0,0,1,0,1,0,0,0,0,0,0,0,0,0,0,0,0,0,1,0,2
17749,0,0,0,0,0,0,0,0,0,0,0,0,0,0,0,0,0,0,0,0,0
17750,1,0,1,0,0,0,0,0,0,0,0,0,0,0,0,0,0,0,1,0,2
17751,0,0,0,0,0,0,0,0,0,0,0,0,0,0,0,0,0,0,0,0,0
17752,0,0,0,1,0,0,0,0,0,0,0,0,1,0,1,0,0,0,1,1,3
17753,0,0,0,0,0,0,0,0,0,0,0,0,0,0,0,0,0,0,0,0,0
17754,0,0,1,1,1,0,0,0,0,0,0,0,0,0,0,0,0,0,1,0,3
17755,0,0,0,0,0,0,0,0,1,0,0,0,0,0,1,0,0,0,1,1,2
17756,1,0,0,0,0,0,0,0,0,0,0,0,1,0,1,0,0,0,1,1,3
17757,0,0,1,0,0,0,0,0,0,0,0,0,0,0,0,0,0,0,1,0,1
17758,0,0,0,0,0,0,0,0,0,0,0,0,0,0,0,0,0,0,0,0,0
17759,0,0,0,0,0,0,0,0,0,0,0,0,0,0,0,0,0,0,0,0,0
17760,0,0,0,0,0,1,0,0,0,0,1,0,0,0,0,0,1,0,1,1,3
17761,0,0,0,0,0,1,0,0,0,0,0,0,1,0,1,0,0,0,1,1,3
17762,0,0,0,0,0,0,0,0,0,0,0,0,0,0,0,0,0,0,0,0,0
17763,0,0,0,0,0,0,0,0,0,0,0,0,0,0,0,0,0,0,0,0,0
17764,0,0,0,0,0,0,0,0,0,0,0,0,0,0,0,0,0,0,0,0,0
17765,0,0,0,0,0,0,0,0,0,0,0,0,0,0,0,0,0,0,0,0,0
17766,0,0,0,0,0,0,0,0,0,0,1,0,0,0,0,0,0,0,0,0,1
17767,0,0,0,0,0,0,0,0,0,0,0,0,0,0,0,0,0,0,0,0,0
17768,0,0,0,0,0,0,0,0,0,0,0,0,0,0,0,0,1,0,0,0,1
17769,1,0,0,0,0,0,0,0,0,0,0,0,0,0,0,0,0,0,1,0,1
17770,0,0,0,0,0,0,0,0,0,0,0,0,0,0,0,0,0,0,0,0,0
17771,1,0,0,0,0,0,0,0,0,0,0,0,1,0,0,0,0,0,1,1,2
17772,0,0,0,0,0,0,0,0,0,0,0,0,0,0,0,0,0,0,0,0,0
17773,0,0,1,0,0,0,0,0,0,0,0,0,0,0,0,0,0,0,1,0,1
17774,1,0,0,0,0,0,0,0,0,0,1,0,0,0,0,0,0,0,1,1,2
17775,0,0,0,0,1,0,0,0,0,0,0,0,0,0,0,0,1,0,1,1,2
17776,0,0,0,0,0,0,0,0,0,0,0,0,0,0,0,0,0,0,0,0,0
17777,0,0,0,0,1,0,0,0,0,0,0,0,0,0,0,0,0,0,1,0,1
17778,0,0,0,0,0,0,0,0,0,0,0,0,0,0,0,0,0,0,0,0,0
17779,1,0,1,0,0,0,0,0,0,0,0,1,0,0,0,0,0,1,1,1,4
17780,0,0,0,0,0,0,0,0,0,0,0,0,0,0,0,0,0,0,0,0,0
17781,1,0,0,0,0,0,0,0,1,0,0,0,0,0,1,0,0,0,1,1,3
17782,0,0,1,0,0,0,0,0,0,0,0,0,0,0,0,0,0,0,1,0,1
17783,0,0,0,0,0,0,0,0,0,0,1,0,0,0,0,0,0,0,0,0,1
17784,0,0,1,0,0,0,0,0,0,0,1,0,0,0,0,0,0,0,1,1,2
17785,0,0,1,0,0,0,0,0,0,0,1,0,0,0,0,0,0,0,1,1,2
17786,0,0,0,0,0,0,0,0,1,0,0,0,0,0,0,0,0,0,1,0,1
17787,1,0,0,0,0,0,0,0,0,0,0,0,0,0,0,0,0,0,1,0,1
17788,0,0,0,0,0,0,0,0,0,0,0,0,0,0,0,0,0,0,0,0,0
17789,1,0,0,0,0,0,0,0,0,0,1,0,0,0,0,0,0,0,1,1,2
17790,0,0,0,0,0,0,0,0,0,0,0,0,0,0,0,1,0,0,0,0,1
17791,0,0,1,0,0,0,0,0,0,0,0,0,0,0,0,0,0,0,1,0,1
17792,0,0,1,0,0,0,0,0,0,0,0,0,0,0,0,0,0,0,1,0,1
17793,0,0,0,0,0,0,0,0,0,0,0,0,0,0,0,0,1,0,0,0,1
17794,0,0,0,0,0,0,0,0,0,0,0,0,0,0,0,0,0,0,0,0,0
17795,1,0,0,0,0,0,0,0,0,0,0,0,0,0,0,0,0,0,1,0,1
17796,1,0,0,0,0,0,0,0,0,0,0,0,0,0,0,0,0,0,1,0,1
17797,0,0,0,1,0,0,0,0,0,0,0,0,0,0,0,0,0,0,1,0,1
17798,0,0,0,0,0,0,0,0,1,0,0,0,0,0,0,0,0,0,1,0,1
17799,0,0,0,0,0,0,0,0,0,0,0,0,0,0,0,0,0,0,0,0,0
17800,0,0,0,0,0,0,0,0,0,0,0,0,1,0,1,0,0,0,0,0,2
17801,0,0,0,0,0,0,0,0,0,0,0,0,0,0,0,0,0,0,0,0,0
17802,0,0,0,0,0,0,0,0,1,0,0,1,0,0,0,0,0,0,1,1,2
17803,0,0,1,0,0,0,0,0,0,0,0,0,0,0,0,0,0,0,1,0,1
17804,0,0,1,0,0,0,0,0,0,0,0,0,1,0,0,0,0,0,1,1,2
17805,0,0,1,0,0,0,0,0,0,0,0,0,0,0,0,0,0,0,1,0,1
17806,0,0,0,0,0,0,0,0,0,0,0,0,1,0,0,0,0,0,0,0,1
17807,0,0,0,0,0,1,0,0,0,0,1,0,0,0,0,0,0,0,1,1,2
17808,0,0,0,0,0,0,0,0,0,0,0,0,0,0,0,0,0,0,0,0,0
17809,0,0,0,0,0,0,0,0,1,0,0,1,1,0,0,0,0,0,1,1,3
17810,0,0,0,0,0,0,0,0,0,0,0,0,0,0,0,0,0,0,0,0,0
17811,0,0,0,0,0,0,0,0,1,0,0,0,1,0,1,0,0,0,1,1,3
17812,1,0,1,0,0,0,0,0,0,0,1,0,0,0,0,0,0,0,1,1,3
17813,0,0,0,0,0,0,0,0,0,0,0,0,0,0,0,0,0,0,0,0,0
17814,0,0,0,0,0,0,0,0,1,0,0,1,0,0,0,0,0,0,1,1,2
17815,0,0,0,0,0,0,0,0,0,0,0,0,0,0,0,0,0,0,0,0,0
17816,0,0,0,0,0,0,0,0,0,0,0,0,1,0,0,0,0,0,0,0,1
17817,0,0,0,0,0,0,0,0,0,0,0,0,0,0,0,0,0,0,0,0,0
17818,0,0,0,0,0,0,0,0,0,0,0,0,0,0,0,0,0,0,0,0,0
17819,0,0,0,0,0,0,0,0,0,0,0,0,0,0,0,0,0,0,0,0,0
17820,1,0,0,0,0,0,0,0,0,0,0,0,0,0,0,0,0,0,1,0,1
17821,0,0,0,0,0,0,0,0,0,0,0,0,0,0,0,0,0,1,0,0,1
17822,0,0,1,0,0,0,0,0,0,0,1,0,0,0,0,0,0,0,1,1,2
17823,0,0,0,1,0,0,0,0,0,0,0,0,0,0,0,0,0,0,1,0,1
17824,0,0,0,0,0,0,0,0,0,0,0,0,0,0,0,0,0,0,0,0,0
17825,0,0,0,0,0,0,0,0,0,0,0,1,0,0,0,0,0,0,0,0,1
17826,0,0,0,0,0,0,0,1,0,0,0,0,0,0,0,0,0,0,1,0,1
17827,0,0,1,0,0,0,0,0,0,0,0,0,0,0,0,1,0,0,1,1,2
17828,0,0,0,0,0,0,0,0,0,0,0,0,1,0,1,0,0,0,0,0,2
17829,0,0,0,0,0,0,0,0,0,0,0,0,0,0,0,0,0,0,0,0,0
17830,1,0,0,0,0,0,0,0,0,0,0,0,0,0,0,0,0,0,1,0,1
17831,0,0,0,0,0,0,0,0,0,0,0,0,0,0,0,0,0,0,0,0,0
17832,0,0,0,0,0,0,0,0,0,0,0,0,0,0,0,0,1,0,0,0,1
17833,0,0,0,0,1,0,0,0,0,0,0,0,0,0,0,0,0,0,1,0,1
17834,0,0,0,0,1,0,0,0,0,0,0,0,1,0,0,0,0,0,1,1,2
17835,0,0,1,0,0,0,0,0,0,0,1,0,0,0,0,0,0,0,1,1,2
17836,0,0,0,0,1,0,0,0,0,0,0,0,1,0,1,0,0,0,1,1,3
17837,0,0,1,0,0,0,0,0,0,0,0,0,0,0,0,0,0,0,1,0,1
17838,0,0,0,0,0,0,0,0,0,0,0,0,0,0,0,0,0,0,0,0,0
17839,0,0,0,0,1,0,0,0,0,0,0,0,0,0,0,0,1,0,1,1,2
17840,0,0,0,0,1,0,0,0,0,0,0,0,0,0,1,0,0,0,1,1,2
17841,0,0,0,1,0,0,0,0,0,0,0,0,0,0,0,0,1,0,1,1,2
17842,0,0,0,0,0,0,0,0,0,0,0,0,0,0,0,0,0,0,0,0,0
17843,0,0,1,0,0,0,0,0,0,0,0,0,0,0,0,0,0,0,1,0,1
17844,1,0,0,0,0,0,0,0,0,0,0,0,1,0,1,0,0,0,1,1,3
17845,0,0,0,0,0,0,0,0,0,0,1,0,0,0,0,0,0,0,0,0,1
17846,0,0,0,0,0,0,0,0,0,0,0,0,0,0,0,0,0,0,0,0,0
17847,1,0,0,0,0,0,0,0,0,0,0,0,0,0,0,0,0,0,1,0,1
17848,0,0,0,0,0,0,0,0,0,0,0,0,1,0,0,0,0,0,0,0,1
17849,1,0,0,0,0,0,0,0,0,0,0,0,0,1,0,0,0,0,1,1,2
17850,0,0,0,0,0,0,0,0,0,0,0,0,0,0,0,1,0,0,0,0,1
17851,0,1,0,0,0,0,0,0,0,0,0,0,1,0,0,0,0,0,1,1,2
17852,1,0,0,0,0,0,0,0,0,0,0,0,0,0,0,0,0,0,1,0,1
17853,0,0,1,0,0,0,0,0,0,0,0,0,0,0,0,0,0,0,1,0,1
17854,0,0,0,0,0,0,0,0,0,0,0,0,0,0,0,0,0,0,0,0,0
17855,0,0,0,0,0,0,0,0,0,0,0,0,0,0,0,0,0,0,0,0,0
17856,0,0,0,0,0,0,0,0,0,0,0,0,0,0,0,0,0,0,0,0,0
17857,0,0,1,0,0,0,0,0,0,0,1,0,0,0,0,0,0,0,1,1,2
17858,0,0,1,0,0,0,0,0,0,0,0,0,0,0,0,0,0,0,1,0,1
17859,1,0,0,0,0,0,0,0,0,0,0,0,0,0,1,0,0,0,1,1,2
17860,0,0,1,0,0,0,0,0,0,0,0,0,0,0,0,1,0,0,1,1,2
17861,0,0,0,0,1,0,0,0,0,0,0,0,0,0,0,0,0,0,1,0,1
17862,0,0,0,0,0,0,0,0,0,0,0,0,0,0,1,0,0,0,0,0,1
17863,0,0,0,0,0,0,0,0,0,0,0,0,0,0,0,0,0,0,0,0,0
17864,0,0,0,0,0,0,0,0,0,0,0,0,0,0,0,0,0,0,0,0,0
17865,0,0,1,0,0,0,0,0,0,0,1,0,0,0,0,0,0,0,1,1,2
17866,0,0,0,0,0,0,0,0,0,0,0,0,0,0,0,0,0,0,0,0,0
17867,0,0,0,0,0,0,0,0,0,0,0,0,0,0,0,0,1,0,0,0,1
17868,0,0,1,0,0,0,0,0,0,0,0,0,0,0,0,0,0,0,1,0,1
17869,0,0,0,0,1,0,0,0,0,0,0,0,0,0,0,0,0,0,1,0,1
17870,0,0,0,0,1,0,0,0,0,0,0,0,0,0,0,0,0,0,1,0,1
17871,0,0,0,0,0,0,0,0,0,0,1,0,0,0,0,0,0,0,0,0,1
17872,0,0,0,0,0,0,0,0,0,0,0,0,0,0,0,0,0,0,0,0,0
17873,1,0,0,0,0,0,0,0,0,0,0,0,0,0,0,0,0,0,1,0,1
17874,0,0,0,0,0,0,0,0,0,0,0,0,0,0,0,0,0,0,0,0,0
17875,1,0,0,0,0,0,0,0,0,0,0,0,1,0,1,0,0,0,1,1,3
17876,0,0,0,0,0,0,0,0,0,0,0,0,0,0,0,0,0,0,0,0,0
17877,0,0,0,0,0,0,0,0,0,0,0,0,0,0,0,0,0,0,0,0,0
17878,0,0,0,0,0,0,0,0,0,0,0,0,0,0,0,0,0,0,0,0,0
17879,0,0,0,0,0,0,0,0,0,0,1,0,0,0,0,1,0,0,0,0,2
17880,0,0,1,0,0,0,0,0,0,0,0,0,0,0,0,0,0,0,1,0,1
17881,0,0,0,0,0,0,0,0,0,0,0,0,0,1,0,0,0,0,0,0,1
17882,0,1,0,0,0,0,0,0,0,0,0,0,1,0,0,0,0,0,1,1,2
17883,0,0,0,0,0,0,0,0,0,0,0,0,0,0,0,0,0,0,0,0,0
17884,0,0,0,0,0,0,0,0,0,0,0,0,0,0,0,0,1,0,0,0,1
17885,0,0,0,0,0,0,0,0,0,0,0,0,0,0,0,0,0,0,0,0,0
17886,0,0,0,0,0,0,0,0,0,0,0,0,0,0,0,0,0,0,0,0,0
17887,1,0,0,0,0,0,0,0,0,0,0,0,1,0,0,0,0,0,1,1,2
17888,0,0,0,0,0,0,0,0,0,0,0,0,0,0,0,0,0,0,0,0,0
17889,1,0,0,0,0,0,0,0,0,0,0,0,0,0,0,0,0,0,1,0,1
17890,0,0,0,0,0,0,0,0,0,0,0,0,0,0,0,0,0,0,0,0,0
17891,0,0,1,0,0,0,0,0,0,0,0,0,0,0,0,0,0,0,1,0,1
17892,0,0,0,0,0,0,0,0,0,0,0,0,0,0,0,0,0,0,0,0,0
17893,0,0,1,0,0,0,0,0,0,0,0,0,0,0,0,0,0,1,1,1,2
17894,0,0,0,0,1,0,0,0,0,0,0,0,1,0,1,0,0,0,1,1,3
17895,1,0,0,0,0,0,0,0,0,0,0,0,0,0,0,0,0,0,1,0,1
17896,0,0,0,0,0,0,0,0,0,0,0,0,0,0,0,0,0,0,0,0,0
17897,0,0,0,0,0,0,0,0,0,0,0,0,0,1,0,0,0,0,0,0,1
17898,0,0,0,0,0,0,0,1,0,0,1,0,0,0,0,0,0,0,1,1,2
17899,0,0,1,0,0,0,0,0,0,0,0,0,0,0,0,0,0,0,1,0,1
17900,0,0,0,0,1,0,0,0,0,0,0,0,0,0,1,0,0,0,1,1,2
17901,0,0,0,0,0,0,0,0,0,0,1,0,0,0,0,0,0,0,0,0,1
17902,0,0,0,0,1,0,0,0,1,0,0,0,0,0,1,0,0,0,1,1,3
17903,1,0,0,0,0,0,0,0,0,0,0,0,0,0,0,0,0,0,1,0,1
17904,0,0,0,0,0,0,0,0,1,0,0,0,0,0,0,0,0,0,1,0,1
17905,0,0,0,0,0,0,0,0,0,0,1,0,0,0,0,0,0,0,0,0,1
17906,0,0,0,0,0,1,0,0,0,0,1,0,0,0,0,0,0,0,1,1,2
17907,0,0,1,0,0,0,0,0,0,0,0,0,0,0,0,0,0,0,1,0,1
17908,1,0,0,0,0,0,0,0,1,0,0,0,1,0,1,0,0,0,1,1,4
17909,0,0,0,0,0,0,0,0,0,0,0,0,0,0,0,0,0,0,0,0,0
17910,0,0,0,0,1,0,0,0,0,0,0,0,0,0,0,0,1,0,1,1,2
17911,0,0,0,0,1,0,0,0,0,0,0,0,0,0,0,0,0,0,1,0,1
17912,0,0,1,0,0,0,0,0,0,0,1,0,0,0,0,0,0,0,1,1,2
17913,0,0,0,0,0,0,0,0,0,0,0,0,0,0,0,0,0,0,0,0,0
17914,0,0,0,0,0,0,0,0,0,0,0,1,0,0,0,0,0,0,0,0,1
17915,0,0,0,0,0,0,0,0,0,0,0,0,1,0,0,0,0,0,0,0,1
17916,1,0,0,0,0,0,0,0,0,0,0,0,0,0,0,0,0,0,1,0,1
17917,0,0,0,1,0,0,0,0,0,0,0,0,0,0,0,0,0,0,1,0,1
17918,0,0,0,0,0,0,0,0,0,0,0,0,0,0,0,0,0,0,0,0,0
17919,0,0,0,0,0,0,0,0,0,0,0,0,0,0,0,0,0,0,0,0,0
17920,0,0,1,0,0,0,0,0,0,0,1,0,0,0,0,0,0,0,1,1,2
17921,0,0,0,0,0,0,0,0,1,0,0,0,0,0,0,0,0,0,1,0,1
17922,0,0,0,0,0,0,0,0,0,0,0,0,0,0,0,0,0,0,0,0,0
17923,0,0,1,0,0,0,0,0,0,0,0,0,0,0,0,1,0,0,1,1,2
17924,0,0,1,0,0,0,0,0,0,0,0,0,0,0,0,0,0,0,1,0,1
17925,0,0,0,0,0,1,0,0,0,0,1,0,0,0,0,0,0,0,1,1,2
17926,0,0,0,0,0,0,0,0,0,0,0,0,0,0,0,0,0,0,0,0,0
17927,0,0,0,0,0,0,0,0,0,0,0,0,0,0,0,0,0,0,0,0,0
17928,0,0,1,0,0,0,0,0,0,0,0,0,1,0,1,0,0,0,1,1,3
17929,0,0,0,0,0,0,0,0,0,0,0,0,0,0,0,0,0,0,0,0,0
17930,0,0,0,0,1,0,0,0,1,0,0,0,0,0,0,0,0,0,1,0,2
17931,0,0,1,0,0,0,0,0,0,0,1,0,0,0,0,0,0,0,1,1,2
17932,0,0,0,0,0,0,0,0,0,0,0,0,0,0,0,0,0,0,0,0,0
17933,0,0,0,0,0,0,0,0,0,0,0,0,0,0,0,0,0,0,0,0,0
17934,0,0,1,0,0,0,0,0,0,0,0,0,0,0,0,0,0,0,1,0,1
17935,0,0,0,0,0,0,0,0,0,0,0,0,0,0,0,0,0,0,0,0,0
17936,0,0,0,0,0,0,0,0,0,0,0,0,0,0,0,0,0,0,0,0,0
17937,0,0,1,0,0,1,0,0,0,0,0,0,0,0,0,0,0,0,1,0,2
17938,0,0,0,0,0,0,0,0,0,0,0,0,0,0,0,0,0,0,0,0,0
17939,0,0,1,0,0,0,0,0,0,0,0,0,0,0,0,0,0,0,1,0,1
17940,1,0,0,0,0,0,0,0,0,0,0,0,1,0,0,0,0,0,1,1,2
17941,0,0,0,0,0,0,0,0,0,0,0,0,1,1,1,0,0,0,0,0,3
17942,0,0,1,0,0,0,0,0,0,0,0,0,0,0,0,0,0,0,1,0,1
17943,0,0,0,0,0,0,0,0,0,0,0,0,0,0,0,0,0,0,0,0,0
17944,0,0,1,0,0,0,0,0,0,0,0,0,0,0,0,0,0,0,1,0,1
17945,0,0,0,0,1,0,0,0,0,0,0,0,0,0,0,0,1,0,1,1,2
17946,0,0,0,0,0,0,0,0,1,0,0,0,0,0,0,0,0,0,1,0,1
17947,0,0,0,0,0,0,0,0,0,0,1,0,0,0,0,0,0,0,0,0,1
17948,0,0,1,0,0,0,0,0,0,0,0,0,0,0,0,0,0,0,1,0,1
17949,0,0,1,0,0,0,0,0,0,0,0,0,0,0,0,0,0,0,1,0,1
17950,0,0,0,0,1,0,0,0,0,0,0,0,0,0,0,0,1,0,1,1,2
17951,0,0,1,0,0,0,0,0,0,0,0,0,1,0,1,0,0,0,1,1,3
17952,0,0,0,0,0,0,0,0,0,0,0,0,0,0,0,0,0,0,0,0,0
17953,0,0,0,0,0,0,0,0,1,0,0,0,0,0,0,0,0,0,1,0,1
17954,0,0,0,0,0,0,0,0,0,0,0,0,1,0,0,0,0,0,0,0,1
17955,0,0,0,0,0,0,0,0,0,0,0,0,0,0,0,0,0,0,0,0,0
17956,0,0,0,0,0,0,0,0,0,0,0,0,0,0,0,0,0,0,0,0,0
17957,0,0,0,0,0,0,0,0,0,0,0,0,0,0,0,1,0,0,0,0,1
17958,0,0,0,0,0,0,0,0,0,0,1,0,0,0,0,0,0,0,0,0,1
17959,1,0,0,0,0,0,0,0,0,0,1,0,0,0,0,0,0,0,1,1,2
17960,0,0,0,0,0,0,0,0,0,0,1,0,0,0,0,0,0,0,0,0,1
17961,0,0,1,0,0,0,0,0,0,0,0,0,0,0,0,0,0,0,1,0,1
17962,0,0,1,0,0,0,0,0,0,0,0,0,0,0,0,0,0,0,1,0,1
17963,0,0,0,0,0,0,1,0,0,0,0,0,0,0,0,0,0,0,1,0,1
17964,0,0,1,0,0,0,0,0,0,0,0,0,1,0,1,0,0,0,1,1,3
17965,0,0,0,0,0,0,0,1,0,0,0,0,0,0,0,0,0,1,1,1,2
17966,0,0,0,0,0,0,0,0,0,0,0,0,0,0,0,0,0,0,0,0,0
17967,0,0,0,0,0,0,0,0,0,0,0,0,0,0,0,0,0,0,0,0,0
17968,1,0,0,0,0,0,0,0,1,0,0,0,0,0,0,0,0,0,1,0,2
17969,0,0,0,1,0,0,0,0,0,0,0,0,0,0,1,0,0,0,1,1,2
17970,0,0,0,0,0,0,0,0,0,0,0,0,0,0,0,0,1,0,0,0,1
17971,0,0,0,0,0,0,0,0,0,0,0,0,0,0,0,0,0,0,0,0,0
17972,0,0,0,0,0,0,0,0,0,0,0,0,0,0,0,0,0,0,0,0,0
17973,0,1,0,0,0,0,0,0,0,0,0,0,0,0,0,0,0,0,1,0,1
17974,0,1,0,0,0,0,0,0,0,0,0,0,0,0,0,0,0,0,1,0,1
17975,0,0,0,0,0,0,0,0,0,0,0,0,0,0,0,0,0,0,0,0,0
17976,0,0,0,0,0,0,0,0,0,0,0,0,0,0,0,0,0,0,0,0,0
17977,0,0,0,0,0,0,0,0,0,0,0,0,0,0,0,0,0,0,0,0,0
17978,1,0,0,0,0,0,0,0,0,0,0,0,1,0,0,0,0,0,1,1,2
17979,0,0,0,0,0,0,0,0,0,0,0,0,0,0,1,0,0,0,0,0,1
17980,0,0,0,0,0,0,0,0,0,0,0,0,0,0,0,0,0,0,0,0,0
17981,0,0,0,1,0,0,0,0,0,0,0,0,0,0,0,0,0,0,1,0,1
17982,0,0,1,0,0,0,0,0,0,0,1,0,0,0,0,0,0,0,1,1,2
17983,0,0,0,0,0,0,0,0,0,0,1,0,0,0,0,0,0,0,0,0,1
17984,0,0,1,0,0,0,0,0,0,0,0,0,1,0,1,0,0,0,1,1,3
17985,0,0,0,0,0,0,0,0,1,0,0,0,1,0,1,0,0,0,1,1,3
17986,0,0,0,0,0,0,0,0,0,0,0,1,0,0,0,0,0,0,0,0,1
17987,0,0,0,0,0,1,0,0,0,0,1,0,0,0,0,0,0,0,1,1,2
17988,0,0,0,0,0,0,0,0,0,0,0,0,0,0,0,0,0,0,0,0,0
17989,0,0,0,0,0,0,0,0,0,0,0,0,0,0,0,0,0,0,0,0,0
17990,0,0,0,0,0,0,0,0,1,0,0,0,0,0,0,0,0,0,1,0,1
17991,0,0,0,0,0,0,0,0,0,0,1,0,0,0,0,0,0,0,0,0,1
17992,0,0,0,0,0,0,0,0,0,0,0,0,1,0,1,0,0,0,0,0,2
17993,1,0,0,0,0,0,0,0,0,0,0,0,0,0,0,0,0,0,1,0,1
17994,0,0,0,0,0,0,0,0,0,0,1,0,0,0,0,0,0,0,0,0,1
17995,0,0,0,0,0,0,0,0,0,0,0,0,0,0,0,0,0,0,0,0,0
17996,0,0,0,0,1,0,0,0,0,0,0,0,0,0,0,0,0,0,1,0,1
17997,0,0,1,0,0,0,0,0,0,0,1,0,0,0,0,0,0,0,1,1,2
17998,0,0,0,0,0,0,0,0,0,0,0,0,0,0,0,0,0,0,0,0,0
17999,0,0,0,0,0,0,0,0,0,0,0,0,0,0,0,0,0,0,0,0,0
18000,0,0,0,0,1,0,0,0,0,0,0,1,0,0,1,0,0,0,1,1,3
18001,0,0,0,0,0,0,0,0,0,0,0,0,0,0,0,0,0,0,0,0,0
18002,0,0,1,0,0,0,0,0,0,0,1,0,0,0,0,0,0,0,1,1,2
18003,0,0,0,0,0,0,0,0,0,0,0,0,0,0,0,0,1,0,0,0,1
18004,1,0,0,0,0,0,0,0,0,0,0,0,0,0,0,0,0,0,1,0,1
18005,0,0,0,0,0,0,0,0,0,0,0,0,0,0,0,0,0,0,0,0,0
18006,0,0,0,0,1,0,0,0,0,0,0,0,1,0,1,0,0,0,1,1,3
18007,0,0,0,0,0,0,0,0,0,0,0,0,0,0,0,0,0,0,0,0,0
18008,0,0,0,0,1,0,0,0,0,0,0,0,0,0,0,0,1,0,1,1,2
18009,0,0,0,0,0,0,0,0,0,0,0,0,0,0,0,0,1,0,0,0,1
18010,0,0,0,0,0,0,0,0,0,0,1,0,0,0,0,0,0,0,0,0,1
18011,1,0,0,0,0,0,0,0,0,0,0,0,0,0,0,0,0,0,1,0,1
18012,0,0,0,0,0,0,0,0,0,0,0,0,0,0,0,0,1,0,0,0,1
18013,1,0,0,0,0,0,0,0,0,0,0,0,1,0,0,0,0,0,1,1,2
18014,0,0,0,0,1,0,0,0,0,0,0,0,0,0,1,0,0,0,1,1,2
18015,0,0,0,0,0,0,0,0,1,0,0,0,0,0,0,0,0,0,1,0,1
18016,0,0,0,0,0,0,0,0,0,0,0,0,0,0,0,0,0,0,0,0,0
18017,0,0,0,0,0,0,0,0,0,0,0,0,0,0,0,0,0,0,0,0,0
18018,0,0,0,0,0,0,0,0,0,0,0,0,0,0,0,0,0,0,0,0,0
18019,0,0,0,0,0,0,0,0,1,0,0,0,0,0,0,0,0,0,1,0,1
18020,0,0,0,0,0,0,0,0,0,0,1,0,0,0,0,0,0,0,0,0,1
18021,0,0,1,0,0,0,0,0,0,0,0,0,0,0,0,0,0,0,1,0,1
18022,0,0,0,0,1,0,0,0,1,0,0,0,0,0,0,0,0,0,1,0,2
18023,0,0,0,0,0,0,0,0,0,0,0,0,0,0,0,0,0,0,0,0,0
18024,0,0,0,0,0,0,0,0,0,0,0,0,0,0,1,0,0,0,0,0,1
18025,1,0,0,0,0,0,0,0,0,0,0,0,0,0,0,0,0,0,1,0,1
18026,0,0,0,0,0,0,0,0,0,0,0,0,0,0,0,0,0,0,0,0,0
18027,0,0,1,0,0,0,0,0,0,0,0,0,0,0,0,1,0,0,1,1,2
18028,0,1,0,0,0,0,0,0,0,0,0,0,1,0,1,0,0,0,1,1,3
18029,0,0,0,0,0,0,0,0,0,0,0,0,0,0,0,0,0,0,0,0,0
18030,0,0,0,0,0,0,0,0,0,0,0,0,1,0,0,0,0,0,0,0,1
18031,0,0,0,0,0,0,1,0,0,0,0,0,0,0,0,0,0,0,1,0,1
18032,0,0,0,0,0,0,0,0,0,0,0,0,0,0,0,0,0,0,0,0,0
18033,0,0,0,0,0,0,0,0,0,0,0,0,0,0,0,0,0,0,0,0,0
18034,0,0,0,0,0,0,0,0,0,0,0,0,0,0,0,0,0,0,0,0,0
18035,0,0,0,0,1,0,0,0,0,0,0,0,0,0,0,0,0,0,1,0,1
18036,0,0,1,0,0,0,0,0,0,0,0,0,0,0,1,0,0,0,1,1,2
18037,0,0,0,0,1,0,0,0,0,0,0,0,1,0,1,0,0,0,1,1,3
18038,0,0,0,0,0,0,0,0,0,0,0,0,0,0,0,1,0,0,0,0,1
18039,0,0,0,0,0,0,0,0,0,0,0,0,0,0,0,0,0,0,0,0,0
18040,0,0,0,0,0,0,0,0,1,0,0,0,0,0,0,0,0,0,1,0,1
18041,0,0,0,0,0,0,0,0,0,0,0,0,0,0,0,0,0,0,0,0,0
18042,0,0,0,0,0,0,0,0,0,0,0,0,0,0,0,0,0,0,0,0,0
18043,0,0,0,0,0,0,0,0,0,0,0,0,0,0,0,0,0,0,0,0,0
18044,0,0,0,0,1,0,0,0,0,0,0,0,0,0,0,0,0,0,1,0,1
18045,0,0,1,0,0,0,0,0,0,0,0,0,0,0,0,0,0,0,1,0,1
18046,1,0,0,0,0,0,0,0,0,0,0,0,0,0,0,0,0,0,1,0,1
18047,0,0,0,1,0,0,0,0,0,0,0,0,0,0,0,0,0,0,1,0,1
18048,0,0,1,0,0,0,0,0,0,0,1,0,0,0,0,0,0,0,1,1,2
18049,0,0,0,0,0,0,0,0,0,0,0,1,0,0,0,0,0,0,0,0,1
18050,0,0,0,0,0,0,0,0,0,0,0,0,0,0,0,0,0,0,0,0,0
18051,0,0,0,0,0,0,0,0,1,0,0,0,0,0,0,0,0,0,1,0,1
18052,0,0,0,0,0,0,0,0,0,0,0,0,0,0,0,0,0,0,0,0,0
18053,0,0,1,0,0,0,0,0,0,0,0,0,0,0,0,0,0,0,1,0,1
18054,0,0,0,0,0,0,0,0,0,0,0,0,0,0,0,0,0,0,0,0,0
18055,0,0,0,0,0,0,0,0,0,0,0,0,0,0,0,0,0,0,0,0,0
18056,0,0,1,0,0,0,0,0,0,0,0,0,0,0,0,0,0,0,1,0,1
18057,1,0,0,0,0,0,0,0,0,0,0,0,1,0,1,0,0,0,1,1,3
18058,0,0,0,0,0,0,0,0,0,0,1,0,0,0,0,0,0,0,0,0,1
18059,1,0,0,0,0,0,0,0,0,0,0,0,0,0,0,0,0,0,1,0,1
18060,0,0,0,0,0,0,0,0,0,0,0,0,0,0,0,0,0,0,0,0,0
18061,0,0,0,0,0,0,0,0,0,0,0,0,0,0,0,0,0,0,0,0,0
18062,1,0,0,0,0,0,0,0,0,0,0,0,0,0,0,0,0,0,1,0,1
18063,0,0,0,0,0,0,0,0,0,0,0,0,0,0,0,0,0,0,0,0,0
18064,0,0,0,0,0,0,0,0,0,1,0,0,0,0,0,0,0,0,1,0,1
18065,0,0,0,1,0,0,0,0,0,0,0,0,0,0,0,0,0,0,1,0,1
18066,0,0,0,0,1,0,0,0,0,0,0,0,0,0,0,0,1,0,1,1,2
18067,0,0,0,0,0,0,0,0,0,0,0,0,0,0,0,0,0,0,0,0,0
18068,0,0,1,0,0,0,0,0,0,0,1,0,0,0,0,0,0,0,1,1,2
18069,0,0,0,0,0,0,0,0,0,0,0,0,0,0,0,0,0,0,0,0,0
18070,0,0,0,0,0,0,0,0,0,0,0,0,0,0,0,0,0,0,0,0,0
18071,0,0,0,1,0,0,0,0,0,0,0,0,0,0,0,0,0,0,1,0,1
18072,1,0,0,0,0,0,0,0,0,0,0,0,0,0,0,0,0,1,1,1,2
18073,0,0,1,0,0,0,0,0,0,0,0,0,0,0,0,0,0,0,1,0,1
18074,0,0,0,0,0,0,0,0,0,0,0,0,0,0,0,1,0,0,0,0,1
18075,0,0,0,0,1,0,0,0,0,0,0,0,0,0,0,0,0,0,1,0,1
18076,0,0,0,0,0,0,0,0,0,0,0,0,1,0,0,0,0,0,0,0,1
18077,1,0,0,0,0,0,0,0,0,0,0,0,0,0,0,0,0,0,1,0,1
18078,0,0,0,0,0,0,0,0,0,0,0,0,0,0,0,0,0,0,0,0,0
18079,0,0,0,0,0,0,0,0,0,0,0,0,0,0,0,1,0,0,0,0,1
18080,0,0,0,0,1,0,0,0,0,0,0,0,0,0,0,0,1,0,1,1,2
18081,0,0,0,0,0,0,0,0,0,0,0,0,0,0,0,0,0,0,0,0,0
18082,0,0,0,0,0,0,0,0,0,0,0,0,0,0,0,0,0,0,0,0,0
18083,0,0,0,0,0,0,0,0,0,0,1,0,0,0,0,0,0,0,0,0,1
18084,0,0,0,0,0,0,0,0,0,0,0,0,0,0,0,1,0,0,0,0,1
18085,0,0,0,0,0,0,0,0,0,0,0,0,0,0,0,0,0,0,0,0,0
18086,0,0,0,0,1,0,0,0,0,0,0,0,0,0,0,0,0,0,1,0,1
18087,1,0,0,0,0,0,0,0,0,0,0,0,0,0,0,0,0,0,1,0,1
18088,1,0,0,0,0,0,0,0,0,0,0,0,0,0,0,0,0,0,1,0,1
18089,0,0,1,0,0,0,0,0,0,0,0,0,0,0,0,1,0,0,1,1,2
18090,0,0,0,0,0,0,0,0,0,0,0,0,0,0,0,0,0,0,0,0,0
18091,0,0,1,0,0,0,0,0,0,0,0,0,0,0,0,0,0,0,1,0,1
18092,0,0,0,0,0,0,0,0,0,0,0,0,0,1,0,0,0,0,0,0,1
18093,0,0,1,0,0,0,0,0,0,0,0,0,1,0,0,0,0,0,1,1,2
18094,0,0,0,0,1,0,0,0,0,0,0,0,0,0,1,0,0,0,1,1,2
18095,0,0,0,0,0,0,0,0,0,0,0,0,0,0,0,1,0,0,0,0,1
18096,0,0,0,1,0,0,0,0,0,0,0,0,0,0,0,0,0,0,1,0,1
18097,0,1,0,0,0,0,0,0,0,0,0,0,0,0,0,0,0,0,1,0,1
18098,0,0,1,0,0,0,0,0,0,0,0,0,0,0,0,0,0,0,1,0,1
18099,1,0,0,0,0,0,0,0,0,0,0,0,0,0,0,0,0,0,1,0,1
18100,0,0,0,0,0,0,0,0,0,0,0,0,0,0,0,0,0,0,0,0,0
18101,0,0,0,0,0,0,0,0,0,0,0,0,0,0,0,0,0,0,0,0,0
18102,0,0,0,0,0,0,0,0,0,0,0,0,0,0,0,0,0,0,0,0,0
18103,0,0,0,0,0,0,0,0,0,0,0,0,0,0,0,0,0,0,0,0,0
18104,1,0,0,0,0,0,0,0,0,0,0,0,0,0,0,0,0,0,1,0,1
18105,0,0,0,0,0,0,0,0,0,0,0,0,0,0,0,0,0,0,0,0,0
18106,1,0,0,0,0,0,0,0,0,0,0,0,0,0,0,0,0,0,1,0,1
18107,0,0,0,0,0,0,0,0,0,0,0,0,0,0,0,0,0,0,0,0,0
18108,0,0,0,0,0,0,0,0,0,0,0,0,0,0,0,0,0,0,0,0,0
18109,1,0,0,0,0,0,0,0,0,0,0,0,0,0,0,0,0,0,1,0,1
18110,1,0,0,0,0,0,0,0,1,0,0,0,0,0,0,0,0,1,1,1,3
18111,0,0,0,0,1,0,0,0,0,0,0,0,1,0,0,0,0,0,1,1,2
18112,0,0,0,0,1,0,0,0,0,0,0,1,1,0,0,0,0,0,1,1,3
18113,0,0,0,0,0,1,0,0,0,0,1,0,0,0,0,0,0,0,1,1,2
18114,0,0,1,0,0,0,0,0,0,0,0,0,0,0,0,0,0,0,1,0,1
18115,1,0,0,0,0,0,0,0,0,0,0,0,0,0,0,0,0,0,1,0,1
18116,0,0,0,0,0,0,0,0,0,0,0,0,0,0,0,0,0,0,0,0,0
18117,0,0,0,0,0,0,0,0,0,0,0,0,0,0,0,0,0,0,0,0,0
18118,0,0,0,0,0,0,0,0,0,0,0,0,0,1,0,0,0,0,0,0,1
18119,0,0,0,0,0,0,0,0,0,0,0,0,0,1,0,0,0,0,0,0,1
18120,0,0,0,0,0,0,0,0,0,0,0,0,0,0,0,0,0,0,0,0,0
18121,1,0,0,0,0,0,0,0,0,0,0,0,1,0,0,0,0,0,1,1,2
18122,0,0,0,0,0,0,0,1,0,0,1,0,0,0,0,1,0,0,1,1,3
18123,0,0,0,0,0,0,0,0,0,0,0,1,0,0,0,0,0,0,0,0,1
18124,1,0,0,0,0,0,0,0,0,0,0,0,0,0,0,0,0,0,1,0,1
18125,0,0,0,0,0,0,0,0,0,0,0,0,0,0,0,0,0,0,0,0,0
18126,0,0,0,0,0,0,0,0,0,0,0,0,0,0,0,0,0,0,0,0,0
18127,0,0,0,1,0,0,0,0,0,0,0,0,1,0,1,0,0,0,1,1,3
18128,0,0,1,0,0,0,0,0,0,0,0,0,0,0,0,0,0,0,1,0,1
18129,0,0,1,0,0,0,0,0,0,0,0,0,0,0,0,0,0,0,1,0,1
18130,0,0,0,0,0,0,0,0,0,0,0,0,0,0,0,0,0,0,0,0,0
18131,0,0,0,0,0,0,0,0,0,0,0,0,0,1,0,1,0,0,0,0,2
18132,0,1,0,0,0,0,0,0,0,0,0,0,0,0,0,0,0,0,1,0,1
18133,0,0,0,0,0,0,0,0,0,0,0,0,0,0,0,1,0,1,0,0,2
18134,0,0,0,0,0,0,0,0,0,0,1,0,0,0,0,0,0,0,0,0,1
18135,0,0,0,0,0,0,0,0,0,0,0,0,0,0,0,0,0,0,0,0,0
18136,0,0,0,0,0,0,0,0,0,0,0,0,0,0,0,0,0,0,0,0,0
18137,0,0,0,0,0,0,0,0,0,0,1,1,0,0,0,0,0,0,0,0,2
18138,1,0,0,0,0,0,0,0,0,0,0,0,0,0,0,0,0,0,1,0,1
18139,0,0,0,0,0,0,0,0,0,0,0,0,0,0,0,0,0,0,0,0,0
18140,0,0,0,0,0,0,0,0,0,0,0,0,0,0,0,0,0,0,0,0,0
18141,0,0,0,0,0,0,0,0,0,0,0,0,1,0,1,0,0,0,0,0,2
18142,0,0,0,0,1,0,0,0,0,0,0,0,0,0,0,0,0,0,1,0,1
18143,0,0,0,0,0,0,0,0,0,0,0,0,1,0,1,0,0,0,0,0,2
18144,1,0,0,0,0,0,0,0,0,0,0,0,0,0,0,0,0,0,1,0,1
18145,0,0,0,0,0,0,0,0,0,0,1,0,0,0,0,0,0,0,0,0,1
18146,1,0,0,0,0,0,0,0,0,0,0,0,0,0,0,0,0,0,1,0,1
18147,0,0,1,0,0,0,0,0,0,0,0,0,0,0,0,0,0,0,1,0,1
18148,0,0,0,0,0,0,0,0,0,0,0,0,0,0,0,0,0,0,0,0,0
18149,0,0,0,0,0,0,0,0,0,0,0,0,0,0,0,0,0,0,0,0,0
18150,0,0,1,0,0,0,0,0,0,0,0,0,0,0,0,1,0,0,1,1,2
18151,0,0,0,0,0,0,0,0,0,0,0,0,0,0,0,0,0,0,0,0,0
18152,0,0,0,0,1,0,0,0,0,0,0,0,1,0,1,0,0,0,1,1,3
18153,0,0,0,0,0,0,0,0,0,0,0,0,0,0,0,0,0,0,0,0,0
18154,1,0,0,0,0,0,0,0,0,0,0,0,0,0,0,0,0,0,1,0,1
18155,0,0,0,0,0,0,0,0,0,0,0,0,0,0,0,0,0,0,0,0,0
18156,0,0,1,0,0,0,0,0,0,0,0,0,1,0,1,0,0,0,1,1,3
18157,0,0,0,0,0,0,0,0,0,0,0,0,0,0,0,0,0,0,0,0,0
18158,1,0,0,0,0,0,0,0,0,0,0,0,0,0,0,0,0,0,1,0,1
18159,0,0,0,0,1,0,0,0,0,0,0,0,1,0,1,0,0,0,1,1,3
18160,0,0,0,0,0,0,0,0,0,0,0,0,0,0,0,0,0,0,0,0,0
18161,1,0,0,0,0,0,0,0,0,0,0,0,0,0,0,1,0,0,1,1,2
18162,0,0,0,0,0,0,0,0,0,0,0,0,0,0,0,0,0,0,0,0,0
18163,1,0,0,0,0,0,0,0,0,0,0,0,0,0,0,0,0,0,1,0,1
18164,0,0,0,1,0,0,0,0,0,0,0,0,0,0,0,0,0,0,1,0,1
18165,0,0,1,0,0,0,0,0,1,0,0,0,0,0,0,0,0,0,1,0,2
18166,0,0,1,0,0,0,0,0,0,0,1,0,0,0,0,0,0,0,1,1,2
18167,1,0,0,0,0,0,0,0,0,0,0,0,0,0,0,0,0,0,1,0,1
18168,0,0,0,0,0,0,0,0,0,0,0,0,0,0,0,0,0,0,0,0,0
18169,0,0,0,0,0,0,0,0,0,0,1,0,1,0,0,0,0,0,0,0,2
18170,1,0,0,0,0,0,0,0,0,0,0,0,1,0,1,0,0,0,1,1,3
18171,0,0,0,0,0,0,0,0,0,0,0,0,0,0,0,0,0,0,0,0,0
18172,1,0,0,0,0,0,0,0,0,0,0,0,0,0,0,0,0,0,1,0,1
18173,0,0,0,0,0,0,0,0,0,0,1,0,0,0,0,0,0,0,0,0,1
18174,0,0,0,0,0,0,0,0,0,0,0,0,0,0,0,1,0,0,0,0,1
18175,0,0,0,0,0,0,0,0,0,0,0,0,0,0,0,0,0,0,0,0,0
18176,0,0,0,0,0,0,0,0,0,0,0,0,0,0,0,0,0,0,0,0,0
18177,0,0,0,0,0,0,0,0,0,0,0,0,1,0,0,0,0,0,0,0,1
18178,0,0,0,0,0,0,0,0,0,0,0,0,1,0,0,0,0,0,0,0,1
18179,0,0,0,0,0,0,0,0,0,0,0,0,0,0,0,0,0,0,0,0,0
18180,0,0,0,0,0,0,0,0,0,0,1,0,0,0,0,0,0,0,0,0,1
18181,0,0,0,0,0,0,0,0,0,0,0,0,0,0,0,0,0,0,0,0,0
18182,0,0,0,0,1,0,0,0,0,0,0,0,1,0,1,0,0,0,1,1,3
18183,1,0,0,0,0,0,0,0,1,0,0,0,0,0,0,0,0,0,1,0,2
18184,0,0,0,0,0,0,0,0,0,0,0,0,0,0,0,0,0,0,0,0,0
18185,0,0,0,0,1,0,0,0,0,0,0,0,0,0,0,0,0,0,1,0,1
18186,0,0,0,0,0,0,0,0,0,0,0,0,0,0,0,0,0,0,0,0,0
18187,0,0,0,0,0,0,0,0,0,0,0,0,0,0,0,0,0,0,0,0,0
18188,0,0,0,0,0,0,0,0,0,0,0,0,0,0,0,0,0,0,0,0,0
18189,0,0,1,0,0,0,0,0,0,0,0,0,0,0,0,0,0,0,1,0,1
18190,0,0,0,1,0,0,0,0,0,0,0,0,0,0,0,0,0,0,1,0,1
18191,0,0,0,0,0,0,0,0,1,0,0,0,0,0,0,0,0,0,1,0,1
18192,0,0,0,0,0,0,0,0,0,0,0,0,0,0,0,0,0,0,0,0,0
18193,0,0,0,0,0,0,0,0,0,0,1,0,0,0,0,0,0,0,0,0,1
18194,0,0,1,0,0,0,0,0,0,0,1,0,0,0,0,1,0,0,1,1,3
18195,0,0,1,0,0,0,0,0,0,0,0,0,0,0,0,0,0,0,1,0,1
18196,1,0,0,0,0,0,0,0,0,0,0,0,0,0,0,0,0,0,1,0,1
18197,0,0,0,0,1,0,0,0,0,0,0,0,0,0,0,0,0,0,1,0,1
18198,1,0,0,0,0,0,0,0,0,0,0,0,0,0,0,0,0,0,1,0,1
18199,0,0,0,0,0,0,0,0,0,0,0,0,0,0,0,0,0,0,0,0,0
18200,0,0,0,0,0,0,0,0,0,0,0,1,1,0,1,0,0,0,0,0,3
18201,0,0,0,0,0,0,0,0,0,1,0,0,0,0,0,0,0,0,1,0,1
18202,0,0,0,0,0,0,0,0,0,0,0,0,0,0,0,0,0,0,0,0,0
18203,0,0,0,0,1,0,0,0,0,0,0,0,1,0,1,0,0,0,1,1,3
18204,0,0,0,0,0,0,0,0,0,0,0,0,0,0,0,0,0,0,0,0,0
18205,0,0,0,0,0,0,0,0,0,0,0,0,0,0,0,0,0,0,0,0,0
18206,0,0,0,0,0,0,0,0,0,0,0,0,0,1,0,0,0,0,0,0,1
18207,0,0,0,0,0,0,0,0,0,0,0,0,0,0,0,0,0,0,0,0,0
18208,1,0,0,0,0,0,0,0,0,0,0,0,0,0,0,0,0,0,1,0,1
18209,0,0,1,0,0,0,0,0,0,0,1,0,0,0,0,0,0,0,1,1,2
18210,0,0,0,0,0,0,0,0,0,0,0,0,0,0,0,0,0,0,0,0,0
18211,0,0,0,0,0,0,0,0,0,0,0,0,0,0,0,0,0,0,0,0,0
18212,0,0,0,0,0,0,0,0,0,0,0,0,0,0,0,0,0,0,0,0,0
18213,1,0,0,0,0,0,0,0,0,0,0,0,1,0,0,0,0,0,1,1,2
18214,0,0,1,0,0,0,0,0,0,0,0,0,0,0,0,0,0,0,1,0,1
18215,0,0,1,0,0,0,0,0,0,0,0,0,0,0,0,0,0,0,1,0,1
18216,0,0,0,0,0,0,0,0,0,0,0,0,0,0,0,0,0,0,0,0,0
18217,0,0,0,0,0,0,0,0,0,0,1,0,0,0,0,1,0,0,0,0,2
18218,0,0,0,0,0,0,0,0,0,0,0,0,0,0,0,0,0,0,0,0,0
18219,0,0,0,0,0,0,0,0,0,0,0,0,0,0,0,0,0,0,0,0,0
18220,0,0,0,0,0,0,0,0,0,0,0,0,0,0,0,0,0,0,0,0,0
18221,0,0,0,0,0,0,0,0,0,0,0,0,0,0,0,0,0,0,0,0,0
18222,1,0,0,0,0,0,0,0,0,0,0,0,0,0,0,0,0,0,1,0,1
18223,0,0,0,0,0,0,0,0,0,0,0,0,0,0,1,0,0,0,0,0,1
18224,0,0,1,0,0,0,0,0,0,0,0,0,0,0,0,0,0,0,1,0,1
18225,0,0,0,0,0,0,0,0,0,0,0,0,0,0,0,0,0,0,0,0,0
18226,0,0,0,0,0,0,0,0,0,0,0,0,1,0,1,0,0,0,0,0,2
18227,0,0,1,0,0,0,0,0,0,0,0,0,0,0,0,0,0,0,1,0,1
18228,1,0,1,0,0,0,0,0,0,0,1,0,0,0,0,1,0,0,1,1,4
18229,0,0,0,0,0,0,0,0,0,0,0,0,0,0,0,0,0,0,0,0,0
18230,0,0,1,0,0,0,0,0,0,0,1,0,0,0,0,0,0,0,1,1,2
18231,0,0,0,0,0,0,0,0,0,0,0,0,0,0,0,0,0,0,0,0,0
18232,0,0,0,0,0,0,0,0,0,0,0,0,0,0,0,0,0,0,0,0,0
18233,0,0,1,0,0,0,0,0,1,0,0,0,0,0,0,0,0,0,1,0,2
18234,1,0,0,0,0,0,0,0,0,0,0,0,0,0,0,0,0,1,1,1,2
18235,0,0,0,0,0,0,0,0,0,0,1,0,0,0,0,0,0,0,0,0,1
18236,0,0,0,0,0,0,0,0,0,0,0,0,0,0,0,0,0,0,0,0,0
18237,0,0,0,0,0,0,0,0,0,0,0,0,1,0,0,0,0,0,0,0,1
18238,0,0,0,0,0,0,0,0,0,0,0,0,0,0,0,0,0,0,0,0,0
18239,0,0,0,0,0,0,0,0,0,0,1,0,0,0,0,0,0,0,0,0,1
18240,0,0,0,0,0,0,0,0,0,0,0,0,0,0,0,0,0,0,0,0,0
18241,0,0,1,0,0,0,0,0,0,0,0,0,0,0,0,0,0,0,1,0,1
18242,0,0,0,0,0,0,0,0,0,0,0,0,0,0,0,0,0,0,0,0,0
18243,0,0,0,0,0,0,0,0,0,0,0,0,0,0,0,0,0,0,0,0,0
18244,0,0,0,0,0,0,0,0,0,0,0,0,0,0,0,0,0,0,0,0,0
18245,1,0,0,0,0,0,0,0,0,0,0,1,0,0,0,0,0,0,1,1,2
18246,0,0,0,0,0,0,0,0,1,0,0,1,0,0,0,0,0,0,1,1,2
18247,0,0,1,0,0,0,0,0,0,0,0,0,0,0,0,0,0,0,1,0,1
18248,1,0,0,0,0,0,0,0,0,0,0,0,0,0,0,0,0,0,1,0,1
18249,0,0,0,0,0,0,0,0,0,0,0,0,0,0,0,0,0,0,0,0,0
18250,0,0,0,0,0,0,0,0,1,0,0,0,0,0,0,0,0,0,1,0,1
18251,0,0,0,0,0,0,0,0,1,0,0,1,0,0,0,0,0,0,1,1,2
18252,0,0,0,1,0,0,0,0,0,0,0,0,1,0,0,0,0,0,1,1,2
18253,0,0,0,0,0,0,0,0,0,0,0,0,0,0,0,0,0,0,0,0,0
18254,0,0,0,0,0,0,0,0,0,0,0,0,0,0,0,0,0,0,0,0,0
18255,0,0,1,0,0,0,0,0,0,0,0,0,0,0,0,0,0,0,1,0,1
18256,0,0,1,0,0,0,0,0,0,0,1,0,0,0,0,0,0,0,1,1,2
18257,0,0,0,0,0,0,0,0,0,0,0,0,0,0,0,0,0,0,0,0,0
18258,0,0,0,0,0,0,0,0,0,0,0,0,0,0,0,0,0,0,0,0,0
18259,0,0,0,0,1,0,0,0,0,0,0,1,1,0,1,0,0,0,1,1,4
18260,0,0,0,0,0,0,0,0,1,0,0,0,0,0,0,0,0,0,1,0,1
18261,0,0,0,0,0,0,0,0,0,0,0,0,0,0,0,0,0,0,0,0,0
18262,0,0,0,0,0,0,0,0,0,0,0,0,0,0,0,0,0,0,0,0,0
18263,0,0,1,0,0,0,0,0,0,0,0,0,0,0,0,0,0,0,1,0,1
18264,0,0,1,1,0,0,0,0,0,0,1,0,0,0,0,0,0,0,1,1,3
18265,0,0,0,0,1,0,0,0,0,0,0,0,1,0,1,0,0,0,1,1,3
18266,0,0,0,0,0,0,0,0,0,0,0,0,0,0,0,0,0,0,0,0,0
18267,1,0,0,0,0,0,0,0,0,0,0,0,1,0,1,0,0,0,1,1,3
18268,0,0,0,0,0,0,0,0,0,0,0,0,0,1,0,0,0,0,0,0,1
18269,0,0,0,0,0,0,0,0,1,0,0,0,0,0,0,0,0,0,1,0,1
18270,0,0,0,0,0,0,0,0,0,0,0,0,0,0,0,0,0,0,0,0,0
18271,0,0,0,0,0,0,0,0,0,0,1,0,0,0,0,1,0,0,0,0,2
18272,0,0,0,0,0,0,0,0,0,0,0,0,0,0,0,0,0,0,0,0,0
18273,1,0,0,0,0,0,0,0,0,0,0,1,0,1,1,0,0,0,1,1,4
18274,0,0,0,0,0,0,0,0,0,0,1,0,0,0,0,0,0,0,0,0,1
18275,0,0,0,0,0,0,0,0,1,0,0,0,0,0,0,0,0,0,1,0,1
18276,0,0,0,0,0,0,0,0,0,0,0,0,0,0,0,0,0,0,0,0,0
18277,0,0,0,0,0,0,0,0,0,0,0,1,0,0,0,0,0,0,0,0,1
18278,1,0,0,0,0,0,0,0,0,0,0,0,0,0,0,0,0,0,1,0,1
18279,0,0,0,0,0,0,0,0,0,0,0,0,1,0,0,1,0,0,0,0,2
18280,0,0,1,0,0,0,0,0,0,0,0,0,0,0,0,0,0,0,1,0,1
18281,0,0,0,0,0,0,0,0,0,0,1,0,0,0,0,1,0,0,0,0,2
18282,1,0,0,0,0,0,0,0,0,0,0,0,0,0,0,0,0,0,1,0,1
18283,0,0,0,0,0,0,0,0,0,0,0,0,0,0,0,0,0,0,0,0,0
18284,0,0,0,0,0,0,0,0,0,0,0,0,0,0,0,0,0,0,0,0,0
18285,0,0,0,0,0,0,0,0,0,0,0,0,0,0,0,0,0,0,0,0,0
18286,0,0,0,0,0,0,0,0,0,0,0,0,0,0,0,0,0,0,0,0,0
18287,0,0,0,0,0,0,0,0,0,0,0,0,0,0,0,0,0,0,0,0,0
18288,1,0,0,0,0,0,0,0,0,0,0,0,0,0,0,0,0,0,1,0,1
18289,0,0,0,0,0,0,0,0,0,0,0,0,0,0,0,0,0,0,0,0,0
18290,0,0,0,0,0,0,0,0,0,0,0,0,0,0,0,0,0,0,0,0,0
18291,0,0,0,0,0,0,0,0,0,0,0,0,0,1,0,0,0,0,0,0,1
18292,1,0,0,0,0,0,0,0,0,0,0,0,1,1,0,0,0,0,1,1,3
18293,0,1,0,0,0,0,0,0,0,0,0,0,0,0,0,0,0,0,1,0,1
18294,0,0,0,0,0,0,0,0,0,0,0,0,0,0,0,0,0,0,0,0,0
18295,0,0,0,0,0,0,0,0,0,0,0,0,0,0,0,0,0,0,0,0,0
18296,0,0,0,0,0,0,0,0,0,0,0,0,0,0,0,0,0,0,0,0,0
18297,0,0,0,0,0,0,0,0,0,0,0,0,1,0,0,0,0,0,0,0,1
18298,0,0,0,0,0,1,0,0,1,0,0,0,0,0,0,0,0,0,1,0,2
18299,0,0,0,0,0,0,0,0,0,0,0,0,0,0,0,0,0,0,0,0,0
18300,0,0,0,0,0,0,0,0,0,0,0,0,0,0,0,0,0,0,0,0,0
18301,0,0,0,0,0,0,0,0,0,0,1,0,0,0,0,0,0,0,0,0,1
18302,0,0,0,0,0,0,0,0,0,0,0,0,0,0,0,0,0,0,0,0,0
18303,1,0,0,0,0,0,0,0,0,0,0,0,0,0,0,0,0,0,1,0,1
18304,0,0,0,0,0,0,0,0,0,0,0,0,0,0,0,0,0,0,0,0,0
18305,0,0,0,0,0,0,0,0,0,0,0,0,0,0,0,0,0,0,0,0,0
18306,1,0,0,0,0,0,0,0,0,0,0,1,0,1,0,0,0,0,1,1,3
18307,0,0,0,0,0,0,0,0,0,0,0,0,1,0,1,0,0,0,0,0,2
18308,0,0,0,0,0,0,0,0,0,0,0,0,0,0,0,0,0,0,0,0,0
18309,0,0,0,0,1,0,0,0,0,0,0,0,0,0,0,0,0,0,1,0,1
18310,0,0,0,0,1,0,0,0,0,0,0,0,1,0,1,0,0,0,1,1,3
18311,0,0,1,0,0,0,0,0,0,0,1,0,0,0,0,0,0,0,1,1,2
18312,0,0,0,0,0,0,0,0,0,0,0,0,0,0,0,0,0,0,0,0,0
18313,0,0,0,0,0,0,0,0,0,0,0,0,0,0,0,0,0,0,0,0,0
18314,0,0,0,1,0,0,0,0,0,0,1,0,0,0,0,0,0,0,1,1,2
18315,0,0,0,0,0,0,0,1,0,0,0,0,0,0,0,0,0,0,1,0,1
18316,0,0,1,0,0,0,0,0,0,0,1,0,0,0,0,0,0,0,1,1,2
18317,0,0,1,0,0,0,0,0,0,0,0,0,0,0,0,0,0,0,1,0,1
18318,0,0,0,0,0,0,0,0,1,0,0,0,0,0,0,0,0,0,1,0,1
18319,0,0,0,0,0,0,0,0,0,0,0,0,0,0,0,0,0,0,0,0,0
18320,0,0,0,0,0,0,0,0,0,0,0,0,0,0,0,0,0,0,0,0,0
18321,0,1,0,0,0,0,0,0,0,0,0,0,0,0,0,0,0,0,1,0,1
18322,0,0,0,0,0,0,0,0,1,0,0,0,0,0,0,0,0,0,1,0,1
18323,0,0,0,0,0,0,0,0,0,0,0,0,0,0,0,0,0,0,0,0,0
18324,1,0,0,0,0,0,0,0,0,0,0,0,0,0,0,0,0,0,1,0,1
18325,0,0,1,0,1,0,0,0,0,0,0,0,0,0,0,0,0,0,1,0,2
18326,1,0,0,0,0,0,0,0,0,0,0,0,0,0,0,0,0,0,1,0,1
18327,0,0,1,0,0,0,0,0,0,0,1,0,0,0,0,0,0,0,1,1,2
18328,0,1,0,0,1,0,0,0,0,0,0,0,0,0,0,0,0,0,1,0,2
18329,0,0,1,0,0,0,0,0,0,0,1,0,0,0,0,0,0,0,1,1,2
18330,0,0,1,0,0,0,0,0,0,0,0,0,0,0,0,0,0,0,1,0,1
18331,0,0,0,0,0,0,0,0,0,0,0,0,1,0,0,0,0,0,0,0,1
18332,0,0,1,0,0,0,0,0,0,0,1,0,0,0,0,0,0,0,1,1,2
18333,1,0,0,0,0,0,0,0,0,0,0,0,0,0,0,0,0,0,1,0,1
18334,0,0,0,0,0,0,1,0,0,0,0,0,0,0,0,0,0,0,1,0,1
18335,0,0,1,0,0,0,0,0,0,0,0,0,0,0,0,0,0,0,1,0,1
18336,0,0,0,0,0,0,0,0,0,1,0,1,0,0,0,0,0,0,1,1,2
18337,0,0,0,0,0,0,0,0,0,0,0,0,0,0,0,0,0,0,0,0,0
18338,0,0,1,0,0,0,0,0,0,0,1,0,0,0,0,0,0,0,1,1,2
18339,0,0,0,1,0,0,0,0,0,0,0,0,1,0,0,0,0,0,1,1,2
18340,0,0,0,0,0,0,0,0,0,0,0,0,0,0,0,0,0,0,0,0,0
18341,0,0,0,0,0,0,0,0,0,0,0,0,0,0,0,0,0,0,0,0,0
18342,0,0,0,1,0,0,0,0,0,0,0,1,0,0,0,0,0,0,1,1,2
18343,0,0,0,0,0,0,0,0,0,0,0,0,0,0,0,0,0,0,0,0,0
18344,1,0,0,0,0,0,0,0,0,0,0,0,0,0,0,0,0,0,1,0,1
18345,1,0,0,0,0,0,0,0,0,0,0,0,0,0,0,0,0,0,1,0,1
18346,1,0,0,0,0,0,0,0,0,0,0,0,0,0,0,0,0,0,1,0,1
18347,0,0,0,0,0,0,0,0,0,0,0,0,0,0,0,0,0,0,0,0,0
18348,0,0,0,0,0,0,0,0,0,0,0,0,1,0,0,0,0,0,0,0,1
18349,0,0,0,0,0,0,0,0,0,0,0,0,0,0,0,0,0,0,0,0,0
18350,0,0,0,0,0,0,0,0,0,0,0,0,0,0,0,0,0,0,0,0,0
18351,0,0,0,0,1,0,0,0,0,0,0,1,0,0,0,0,0,0,1,1,2
18352,0,0,0,0,0,0,0,1,0,0,0,0,0,0,0,0,0,0,1,0,1
18353,0,0,0,0,0,0,0,0,0,0,0,1,0,0,0,0,0,0,0,0,1
18354,0,0,0,0,0,0,0,0,0,0,0,0,0,0,0,0,0,0,0,0,0
18355,0,0,1,0,0,0,0,0,0,0,0,1,0,0,0,0,0,1,1,1,3
18356,1,0,0,0,0,0,0,0,0,0,0,0,0,0,0,0,0,0,1,0,1
18357,0,0,0,0,0,0,0,0,0,0,0,1,0,0,0,0,0,0,0,0,1
18358,0,0,0,0,0,0,0,0,0,0,0,0,0,0,0,0,0,0,0,0,0
18359,0,0,0,0,0,0,0,0,0,0,0,0,0,0,0,0,0,0,0,0,0
18360,0,0,0,0,0,0,0,0,0,0,0,0,0,0,0,0,0,0,0,0,0
18361,0,0,1,0,0,0,0,0,0,0,0,0,0,0,0,0,0,0,1,0,1
18362,0,0,0,0,0,0,0,0,0,0,0,0,0,0,0,0,0,0,0,0,0
18363,0,1,0,0,0,0,0,0,0,0,0,0,0,1,0,0,0,0,1,1,2
18364,0,0,0,0,0,0,0,0,0,0,0,0,0,0,0,0,0,0,0,0,0
18365,0,0,0,0,0,0,0,0,1,0,0,1,0,0,0,0,0,1,1,1,3
18366,0,0,0,0,0,0,0,0,0,0,0,0,0,0,0,0,0,0,0,0,0
18367,1,0,1,0,0,0,0,0,0,0,0,0,1,0,1,0,0,0,1,1,4
18368,0,0,0,0,0,0,0,0,0,0,0,0,0,0,0,0,0,0,0,0,0
18369,1,0,0,0,0,0,0,0,0,0,0,0,0,0,0,0,0,0,1,0,1
18370,0,0,0,1,0,0,0,0,0,0,0,0,0,0,0,0,0,0,1,0,1
18371,0,0,1,0,0,0,0,0,0,0,1,0,0,0,0,0,0,0,1,1,2
18372,1,0,0,0,0,0,0,0,0,0,0,0,0,0,0,0,0,0,1,0,1
18373,0,0,0,0,0,0,0,0,1,0,0,0,0,0,0,0,0,0,1,0,1
18374,0,0,0,0,0,0,0,0,0,0,0,0,0,0,0,0,0,0,0,0,0
18375,0,0,0,0,0,0,0,0,0,1,0,0,0,0,0,0,0,0,1,0,1
18376,0,0,0,0,0,0,0,0,0,0,0,0,0,0,0,1,0,0,0,0,1
18377,0,0,1,0,0,0,0,0,0,0,1,0,0,0,0,0,0,0,1,1,2
18378,1,0,0,0,0,0,0,0,0,0,0,0,0,0,0,0,0,0,1,0,1
18379,0,0,1,0,0,0,0,0,0,0,0,0,1,0,1,0,0,0,1,1,3
18380,0,0,0,0,0,0,0,0,0,0,0,0,0,0,0,0,1,0,0,0,1
18381,1,0,0,0,0,0,0,0,0,0,0,0,0,0,0,0,0,0,1,0,1
18382,0,0,0,0,0,0,0,0,0,0,0,0,0,0,0,0,0,0,0,0,0
18383,0,0,0,0,0,0,0,0,0,0,0,0,0,0,0,0,0,0,0,0,0
18384,1,0,0,0,0,0,0,0,0,0,0,0,0,0,0,0,0,0,1,0,1
18385,0,0,0,0,0,0,0,0,0,0,0,0,0,0,0,0,0,0,0,0,0
18386,0,0,0,0,0,0,0,0,0,0,0,0,0,0,0,0,0,0,0,0,0
18387,0,0,0,0,0,0,0,0,0,0,0,0,0,0,0,1,0,0,0,0,1
18388,0,0,0,0,0,0,0,0,0,0,0,0,0,0,0,0,0,0,0,0,0
18389,0,0,0,0,0,0,0,0,0,0,0,0,0,0,0,0,0,1,0,0,1
18390,0,0,0,0,0,0,0,0,0,0,0,0,0,0,0,0,0,0,0,0,0
18391,0,0,0,0,0,0,0,0,0,0,0,0,0,0,0,0,0,0,0,0,0
18392,0,0,0,0,0,0,0,0,0,0,0,0,0,0,0,0,0,0,0,0,0
18393,0,0,0,0,0,0,0,0,0,0,0,0,0,0,0,0,1,0,0,0,1
18394,0,0,0,0,0,0,0,0,0,0,0,0,0,0,0,0,0,0,0,0,0
18395,0,0,0,0,0,0,0,0,0,0,0,0,0,0,0,0,0,0,0,0,0
18396,0,0,0,0,0,0,0,0,0,0,0,0,0,0,0,0,0,0,0,0,0
18397,0,0,0,0,1,0,0,0,1,0,0,1,0,0,0,0,0,0,1,1,3
18398,0,0,0,0,0,0,0,0,0,0,0,0,1,0,1,0,0,0,0,0,2
18399,0,0,0,0,0,0,0,0,0,0,0,0,0,0,0,0,0,0,0,0,0
18400,0,0,0,0,0,0,0,0,0,0,0,0,0,0,0,0,0,0,0,0,0
18401,0,0,0,0,0,0,0,0,0,0,0,0,0,0,0,0,0,0,0,0,0
18402,0,0,0,0,0,0,0,0,0,0,0,0,1,0,1,0,0,0,0,0,2
18403,0,0,1,0,0,0,0,0,1,0,1,0,0,0,0,0,0,0,1,1,3
18404,0,0,0,0,0,0,0,0,0,0,0,0,0,0,0,1,0,0,0,0,1
18405,0,0,0,0,0,0,0,0,0,0,0,0,0,1,0,0,0,0,0,0,1
18406,0,0,0,0,0,0,0,0,0,0,0,0,0,0,0,0,0,0,0,0,0
18407,0,0,0,0,0,0,0,0,0,0,0,0,0,0,0,0,0,0,0,0,0
18408,0,0,0,0,1,0,0,0,0,0,0,0,0,0,0,0,1,0,1,1,2
18409,0,0,1,0,0,0,0,0,0,0,0,0,0,0,0,1,0,0,1,1,2
18410,0,0,1,0,0,0,0,0,0,0,0,0,0,0,0,0,0,0,1,0,1
18411,0,0,1,0,0,0,0,0,0,0,0,0,0,0,0,0,0,1,1,1,2
18412,0,0,1,0,0,0,0,0,0,0,1,0,0,0,0,0,0,0,1,1,2
18413,0,0,1,0,0,0,0,0,0,0,1,0,0,0,0,0,0,0,1,1,2
18414,0,0,0,0,0,0,0,0,0,0,0,0,0,0,0,0,0,0,0,0,0
18415,0,0,0,0,0,0,0,0,0,0,0,0,0,0,0,0,0,0,0,0,0
18416,0,0,0,0,0,0,0,0,0,0,0,0,0,0,0,0,0,0,0,0,0
18417,1,0,0,0,0,0,0,0,0,0,0,0,0,1,0,0,0,0,1,1,2
18418,0,0,0,0,0,0,0,0,0,0,0,0,0,0,0,0,0,0,0,0,0
18419,0,0,0,0,0,0,0,0,0,0,0,0,0,0,0,0,0,0,0,0,0
18420,0,0,1,0,0,0,0,0,0,0,0,0,1,0,1,0,0,0,1,1,3
18421,0,0,0,0,0,0,0,0,0,0,0,0,0,0,0,0,0,0,0,0,0
18422,0,0,0,0,0,0,1,0,0,0,0,0,0,0,0,0,0,0,1,0,1
18423,0,0,1,0,0,0,0,0,0,0,0,0,0,0,0,1,0,0,1,1,2
18424,0,0,0,0,1,0,0,0,0,1,0,0,0,0,0,0,0,0,1,0,2
18425,0,0,0,0,0,0,0,0,0,0,0,0,0,0,0,0,0,0,0,0,0
18426,0,0,0,0,0,0,0,0,0,0,0,1,0,0,0,0,0,0,0,0,1
18427,0,0,0,0,0,0,0,0,0,0,0,0,0,0,0,0,0,0,0,0,0
18428,0,0,0,0,0,0,0,0,1,0,0,1,0,0,0,0,0,0,1,1,2
18429,0,0,0,0,0,0,0,0,0,0,0,0,0,0,0,0,0,0,0,0,0
18430,0,0,0,0,0,0,0,0,0,0,0,0,0,0,0,0,0,0,0,0,0
18431,0,0,0,0,0,1,0,0,0,0,0,0,0,0,0,0,0,0,1,0,1
18432,0,0,0,0,0,0,0,0,0,0,0,0,0,0,0,0,0,0,0,0,0
18433,1,0,0,0,0,0,0,0,0,0,0,0,0,0,0,0,0,0,1,0,1
18434,0,0,0,0,0,0,0,0,0,0,0,0,0,0,0,0,0,0,0,0,0
18435,0,0,0,0,0,0,0,0,0,0,0,0,1,0,1,0,0,0,0,0,2
18436,0,0,0,0,0,0,0,0,0,0,0,0,0,0,0,0,0,0,0,0,0
18437,0,0,0,0,0,0,0,0,0,0,1,0,0,0,0,0,0,0,0,0,1
18438,0,0,1,0,0,0,0,0,0,0,0,0,0,0,0,0,0,0,1,0,1
18439,0,0,0,0,0,0,0,0,0,0,1,0,0,0,0,0,0,0,0,0,1
18440,1,0,0,0,0,0,0,0,0,0,0,0,1,0,1,0,0,0,1,1,3
18441,0,0,0,0,0,0,0,0,0,0,0,0,0,0,0,0,0,0,0,0,0
18442,0,0,0,0,0,0,0,0,0,0,0,0,0,0,0,0,0,0,0,0,0
18443,0,0,0,0,0,0,0,0,0,0,0,0,0,0,0,0,0,0,0,0,0
18444,0,0,0,0,0,0,0,0,0,0,0,0,0,0,0,0,0,0,0,0,0
18445,1,0,0,0,0,0,0,0,0,0,0,0,0,0,0,0,0,0,1,0,1
18446,0,1,0,0,0,0,0,0,0,0,0,0,1,0,1,0,0,0,1,1,3
18447,0,0,0,0,1,0,0,0,0,0,0,0,0,0,1,0,0,0,1,1,2
18448,0,0,0,0,0,0,0,0,0,0,0,0,1,0,0,0,0,0,0,0,1
18449,0,0,0,0,0,0,0,0,0,0,0,0,0,0,0,0,0,0,0,0,0
18450,1,0,0,0,0,0,0,0,0,0,0,0,0,0,0,0,0,0,1,0,1
18451,0,0,0,0,0,1,0,0,0,0,0,0,0,0,0,0,0,0,1,0,1
18452,0,0,0,0,0,0,0,0,0,0,1,0,0,0,0,0,0,0,0,0,1
18453,0,0,0,0,0,0,0,0,0,0,0,0,0,0,0,0,0,0,0,0,0
18454,0,0,1,0,0,0,0,0,0,0,0,0,0,0,0,0,0,0,1,0,1
18455,0,0,0,0,0,0,0,0,0,0,0,0,0,0,0,0,0,0,0,0,0
18456,0,0,1,0,0,0,0,0,0,0,0,0,0,0,0,0,0,0,1,0,1
18457,0,0,0,0,0,0,0,0,0,0,0,0,0,0,0,0,0,0,0,0,0
18458,0,0,0,0,0,0,0,0,0,0,0,0,0,0,0,0,0,0,0,0,0
18459,1,0,0,0,0,0,0,0,0,0,0,0,0,0,0,0,0,0,1,0,1
18460,1,0,0,0,0,0,0,0,0,0,0,0,1,0,0,0,0,0,1,1,2
18461,1,0,0,0,0,0,0,0,0,0,0,0,0,0,0,0,0,0,1,0,1
18462,0,0,0,0,0,0,0,0,0,0,0,0,0,0,0,1,0,0,0,0,1
18463,0,0,0,0,0,0,0,0,0,0,0,0,0,0,0,0,0,0,0,0,0
18464,0,0,1,0,0,0,0,0,0,0,1,0,0,0,0,0,0,0,1,1,2
18465,1,0,0,1,0,0,0,0,0,0,0,0,0,0,0,0,0,0,1,0,2
18466,0,0,0,0,0,0,0,0,0,0,0,0,0,0,0,0,0,0,0,0,0
18467,0,0,0,0,0,0,0,0,0,0,0,1,0,0,0,0,0,0,0,0,1
18468,0,0,0,0,0,0,0,0,0,0,0,0,0,0,0,0,0,0,0,0,0
18469,0,0,0,0,0,0,0,0,0,0,0,0,0,0,0,0,0,0,0,0,0
18470,0,0,0,0,0,0,0,0,1,0,0,0,0,0,0,0,0,0,1,0,1
18471,0,0,1,0,0,0,0,0,0,0,0,1,0,0,0,0,0,0,1,1,2
18472,0,0,0,0,0,0,0,0,0,0,0,0,0,0,0,0,0,0,0,0,0
18473,0,0,0,0,0,0,0,0,0,0,0,0,0,0,0,0,0,0,0,0,0
18474,0,0,0,0,0,1,0,0,0,0,1,0,0,0,0,0,0,0,1,1,2
18475,0,0,1,0,0,0,0,0,0,0,0,0,0,0,0,0,0,0,1,0,1
18476,0,0,0,0,0,0,0,0,0,0,0,0,0,0,0,0,0,0,0,0,0
18477,0,0,0,0,0,0,0,0,0,0,0,0,0,0,0,0,0,0,0,0,0
18478,0,0,1,0,0,0,0,0,0,0,0,0,0,0,0,0,0,0,1,0,1
18479,0,0,0,0,0,0,0,0,0,0,0,0,0,0,0,0,0,0,0,0,0
18480,0,0,1,0,0,0,0,0,0,0,1,0,0,0,0,0,0,0,1,1,2
18481,0,0,0,0,0,0,0,0,0,0,0,0,0,0,0,0,0,0,0,0,0
18482,0,0,0,0,1,0,0,0,0,0,0,0,0,0,0,0,0,0,1,0,1
18483,0,0,1,0,0,0,0,0,0,0,0,1,0,0,0,0,0,0,1,1,2
18484,0,0,0,0,0,0,0,0,0,0,0,0,0,0,0,0,0,0,0,0,0
18485,1,0,0,0,0,0,0,0,0,0,0,0,0,0,0,0,0,0,1,0,1
18486,0,0,1,0,0,0,0,0,0,0,0,0,0,0,1,0,0,0,1,1,2
18487,1,0,0,0,0,0,0,0,0,0,0,0,1,0,1,0,0,0,1,1,3
18488,0,0,0,0,0,0,0,0,1,0,0,1,0,0,0,0,0,0,1,1,2
18489,0,0,0,0,0,0,0,0,0,0,0,0,0,0,1,0,0,0,0,0,1
18490,0,0,0,0,0,0,0,0,0,0,0,0,0,0,0,0,0,0,0,0,0
18491,0,0,0,0,0,0,0,0,0,0,0,0,0,0,0,0,0,0,0,0,0
18492,0,0,0,0,0,0,0,0,0,0,0,0,0,0,0,0,0,0,0,0,0
18493,0,0,0,0,1,0,0,0,0,0,0,0,1,0,1,0,0,0,1,1,3
18494,0,0,1,0,0,1,0,0,0,0,1,0,0,0,0,0,0,0,1,1,3
18495,0,0,0,0,0,0,0,0,0,0,0,0,0,0,0,0,0,1,0,0,1
18496,0,0,1,0,0,0,0,0,0,0,0,0,1,0,0,0,0,0,1,1,2
18497,0,0,0,0,0,0,0,0,0,0,0,0,0,0,0,0,1,0,0,0,1
18498,0,0,0,0,0,0,0,0,0,0,0,0,0,0,0,1,0,0,0,0,1
18499,0,0,0,0,0,0,0,0,1,0,0,0,0,0,0,0,0,0,1,0,1
18500,0,0,0,0,0,1,0,0,0,0,1,0,0,0,0,0,0,0,1,1,2
18501,0,0,0,0,0,0,0,0,0,0,0,0,0,0,0,0,0,0,0,0,0
18502,0,0,0,1,0,0,0,0,0,0,0,0,0,0,0,0,0,0,1,0,1
18503,0,0,0,0,1,0,0,0,0,0,0,0,0,0,0,0,0,0,1,0,1
18504,0,0,0,0,0,0,0,0,0,0,0,0,0,0,0,1,0,0,0,0,1
18505,0,0,0,0,0,0,0,0,0,0,0,0,0,0,0,1,0,0,0,0,1
18506,0,0,1,0,0,0,0,0,0,0,0,0,0,0,0,0,0,0,1,0,1
18507,0,0,1,0,0,0,0,0,0,0,0,0,0,0,0,0,0,0,1,0,1
18508,0,0,0,0,0,0,0,0,0,0,0,0,0,0,0,0,0,0,0,0,0
18509,0,1,0,0,0,0,0,0,0,0,0,0,0,0,0,0,0,0,1,0,1
18510,0,0,0,0,0,0,0,0,0,0,0,0,0,0,0,0,0,0,0,0,0
18511,0,0,0,0,0,0,0,0,0,0,0,0,0,0,0,0,0,0,0,0,0
18512,0,0,0,0,0,0,0,0,0,0,0,0,0,0,0,0,0,0,0,0,0
18513,0,0,0,0,0,0,0,0,0,0,0,0,0,0,0,1,0,0,0,0,1
18514,0,0,0,0,0,0,0,0,0,0,0,0,0,0,0,0,0,0,0,0,0
18515,0,0,0,0,0,0,0,0,0,0,0,0,0,0,0,0,0,0,0,0,0
18516,0,0,1,0,0,0,0,0,0,0,0,0,0,0,0,0,0,0,1,0,1
18517,1,0,0,0,0,0,0,0,0,0,0,0,0,0,0,0,0,0,1,0,1
18518,0,0,0,0,0,0,0,0,0,0,0,0,0,0,0,0,0,0,0,0,0
18519,0,0,0,0,0,0,0,0,0,0,0,0,0,0,0,0,0,0,0,0,0
18520,0,0,1,0,0,0,0,0,0,0,0,0,1,0,1,0,0,0,1,1,3
18521,0,0,0,0,0,0,0,0,0,0,0,0,0,0,0,0,0,0,0,0,0
18522,0,0,0,0,0,0,0,0,1,0,0,0,1,0,1,0,0,0,1,1,3
18523,0,0,0,0,0,0,0,0,0,0,0,0,0,0,0,0,0,0,0,0,0
18524,0,0,0,0,0,0,0,0,0,0,0,0,0,0,0,0,0,0,0,0,0
18525,0,0,0,0,0,0,0,0,0,0,0,0,0,0,0,0,0,0,0,0,0
18526,0,0,0,0,0,0,0,0,0,0,1,0,0,0,0,0,0,0,0,0,1
18527,0,0,0,0,0,0,0,0,0,0,0,0,0,0,0,0,0,0,0,0,0
18528,0,0,1,0,0,0,0,0,0,0,0,0,1,0,1,0,0,0,1,1,3
18529,0,0,0,0,0,0,0,0,0,0,1,0,0,0,0,0,0,0,0,0,1
18530,0,0,0,0,0,0,0,0,0,0,0,0,1,0,0,0,0,0,0,0,1
18531,0,0,0,0,0,0,0,0,0,0,0,0,0,0,0,0,0,0,0,0,0
18532,0,0,0,0,0,0,0,0,0,0,0,0,0,0,0,0,0,0,0,0,0
18533,0,0,0,0,0,0,0,0,0,0,0,0,0,0,0,0,0,0,0,0,0
18534,0,0,0,0,0,0,0,0,1,0,0,0,0,0,0,0,0,0,1,0,1
18535,0,0,0,0,0,0,0,0,0,0,0,0,1,0,0,0,0,0,0,0,1
18536,0,0,0,0,0,0,0,0,0,0,0,0,0,0,0,0,0,0,0,0,0
18537,0,0,0,0,0,0,0,0,0,0,0,0,0,0,0,1,0,0,0,0,1
18538,0,0,0,0,0,0,0,0,0,0,0,0,0,0,0,0,0,0,0,0,0
18539,0,0,0,0,0,0,0,0,0,0,0,0,0,0,0,0,0,0,0,0,0
18540,0,0,1,0,0,0,0,0,0,0,0,0,0,0,0,0,0,0,1,0,1
18541,0,0,0,0,0,0,0,0,0,0,0,0,0,0,0,0,0,0,0,0,0
18542,0,0,0,0,0,0,0,0,0,0,0,0,0,0,0,0,0,0,0,0,0
18543,0,0,1,0,0,0,0,0,0,0,0,0,0,0,0,0,0,0,1,0,1
18544,0,0,1,0,0,0,0,0,0,0,0,0,0,0,0,0,0,0,1,0,1
18545,0,0,0,0,0,0,0,0,0,0,0,0,0,0,0,0,0,0,0,0,0
18546,0,1,1,0,0,0,0,0,0,0,0,0,0,0,0,0,0,0,1,0,2
18547,0,0,0,0,0,0,0,0,0,0,0,0,0,0,0,0,0,0,0,0,0
18548,0,0,1,0,0,0,0,0,0,0,0,0,0,0,0,1,0,0,1,1,2
18549,0,0,0,0,0,0,0,0,0,0,1,0,0,0,0,0,0,0,0,0,1
18550,0,0,0,0,0,0,0,0,0,0,0,0,0,0,0,0,0,0,0,0,0
18551,0,0,0,0,0,0,0,0,0,0,0,0,0,0,0,0,0,0,0,0,0
18552,0,0,1,0,0,0,0,0,0,0,0,0,0,0,0,0,0,0,1,0,1
18553,0,0,0,0,0,0,0,0,0,0,0,0,0,0,0,0,0,0,0,0,0
18554,0,0,1,0,0,0,0,0,0,0,0,0,0,0,0,0,0,0,1,0,1
18555,1,0,0,0,0,0,0,0,0,0,0,0,0,0,0,0,0,0,1,0,1
18556,0,0,0,0,0,0,0,0,0,0,0,0,0,0,0,0,0,0,0,0,0
18557,1,0,0,0,0,0,0,0,0,0,0,0,0,0,0,0,0,0,1,0,1
18558,0,0,1,0,0,0,0,0,0,0,0,0,0,0,0,0,0,0,1,0,1
18559,0,0,0,0,0,0,0,0,0,0,0,0,0,0,0,0,0,0,0,0,0
18560,0,0,0,0,0,0,0,0,0,0,0,0,0,0,0,0,0,0,0,0,0
18561,0,0,0,0,0,0,0,0,0,0,0,0,0,0,0,0,0,0,0,0,0
18562,0,0,1,0,0,0,0,0,0,0,0,0,0,0,0,0,0,0,1,0,1
18563,0,0,0,0,0,0,0,0,0,0,1,0,0,0,0,0,0,0,0,0,1
18564,0,1,0,0,0,0,0,0,0,0,0,0,0,1,0,0,0,0,1,1,2
18565,1,0,0,0,0,0,0,0,0,0,0,0,0,0,0,0,0,0,1,0,1
18566,0,0,0,0,0,0,0,0,0,0,0,0,0,0,0,0,0,0,0,0,0
18567,0,0,0,0,0,0,0,0,0,0,0,0,0,0,0,0,0,0,0,0,0
18568,0,0,0,0,0,0,0,0,0,0,1,0,0,0,0,0,0,0,0,0,1
18569,0,0,0,1,0,0,0,0,0,0,0,0,0,0,0,0,0,0,1,0,1
18570,0,0,0,0,0,0,0,0,0,0,1,0,0,0,0,0,0,0,0,0,1
18571,1,1,0,0,0,0,0,0,0,0,0,0,0,0,0,0,0,0,1,0,2
18572,1,0,0,0,0,0,0,0,0,0,0,0,0,0,0,0,0,0,1,0,1
18573,0,0,0,0,0,0,0,0,0,0,0,0,0,0,0,0,0,0,0,0,0
18574,0,0,1,0,0,0,0,0,0,0,1,0,0,0,0,0,0,0,1,1,2
18575,0,0,0,0,0,0,0,0,0,0,0,0,0,0,0,0,0,0,0,0,0
18576,0,0,0,0,0,0,0,0,0,0,0,0,0,0,0,0,0,0,0,0,0
18577,1,0,0,0,0,0,0,0,0,0,0,0,0,0,0,0,0,0,1,0,1
18578,0,0,0,0,0,0,0,0,0,0,1,0,0,0,0,0,0,0,0,0,1
18579,0,0,0,0,0,0,0,0,0,0,0,0,0,0,0,0,0,0,0,0,0
18580,0,0,0,0,0,0,0,0,0,0,0,0,0,0,0,0,0,0,0,0,0
18581,0,0,0,0,0,0,0,0,1,0,0,0,1,0,0,0,0,0,1,1,2
18582,0,0,0,0,0,0,0,0,0,0,0,0,0,0,0,1,0,0,0,0,1
18583,1,0,0,0,0,0,0,0,0,0,0,0,1,0,0,0,0,0,1,1,2
18584,0,0,0,0,0,0,0,0,1,0,0,0,0,0,0,0,0,0,1,0,1
18585,0,0,0,0,0,0,0,0,0,0,0,0,0,0,0,0,0,0,0,0,0
18586,0,0,0,0,0,0,0,0,0,0,0,0,0,0,0,0,0,0,0,0,0
18587,0,0,1,0,0,0,0,0,0,0,0,0,0,0,0,0,0,0,1,0,1
18588,0,0,0,0,0,0,0,0,0,0,0,0,0,0,0,0,0,0,0,0,0
18589,0,0,0,0,0,0,0,0,0,0,0,0,1,0,0,0,0,0,0,0,1
18590,0,0,0,0,0,0,0,0,0,0,0,0,0,0,0,0,0,0,0,0,0
18591,0,0,0,1,0,0,0,0,0,0,1,0,0,0,0,0,0,0,1,1,2
18592,0,0,0,0,0,0,0,0,0,0,0,0,0,0,0,0,0,0,0,0,0
18593,0,0,0,0,0,0,0,0,0,0,0,0,0,0,0,0,0,0,0,0,0
18594,0,0,1,0,0,0,0,0,0,0,0,0,0,0,0,0,0,0,1,0,1
18595,0,0,0,0,0,0,0,0,0,0,0,0,0,0,0,0,0,0,0,0,0
18596,0,0,0,0,0,0,0,0,0,0,0,0,0,0,0,0,0,0,0,0,0
18597,0,0,0,0,0,0,0,0,0,0,0,0,0,0,0,0,0,0,0,0,0
18598,0,0,1,0,0,0,0,0,0,0,0,0,0,0,0,0,0,0,1,0,1
18599,0,0,1,0,0,0,0,0,0,0,0,0,0,0,0,1,0,0,1,1,2
18600,0,0,0,0,0,0,0,0,0,0,0,0,0,0,0,0,0,0,0,0,0
18601,0,0,1,0,0,0,0,0,0,0,1,0,0,0,0,0,0,0,1,1,2
18602,0,0,0,0,1,0,0,0,0,0,0,0,0,0,0,0,0,0,1,0,1
18603,0,0,0,0,0,0,0,0,0,0,0,0,0,0,0,0,1,0,0,0,1
18604,0,0,0,0,0,0,0,0,0,0,0,0,0,0,0,0,0,0,0,0,0
18605,0,0,0,0,0,0,0,0,0,0,0,0,0,0,0,0,0,0,0,0,0
18606,0,0,0,0,0,0,0,0,1,0,0,0,1,0,1,0,0,0,1,1,3
18607,0,0,0,0,0,0,0,0,0,0,0,0,0,0,0,0,0,0,0,0,0
18608,0,0,0,0,0,0,0,0,0,0,0,0,0,0,0,0,0,0,0,0,0
18609,0,0,0,0,0,0,0,0,1,0,0,0,0,0,0,0,0,0,1,0,1
18610,0,0,0,0,0,0,0,0,0,0,1,0,0,0,0,0,0,0,0,0,1
18611,1,0,0,0,0,0,0,0,0,0,0,0,0,0,0,0,0,0,1,0,1
18612,0,0,0,0,0,0,0,0,0,0,0,0,0,0,0,0,0,0,0,0,0
18613,0,0,0,0,0,0,0,0,0,0,0,0,0,1,0,0,0,0,0,0,1
18614,0,0,0,0,0,0,0,0,0,0,0,0,0,0,0,0,0,0,0,0,0
18615,0,0,0,0,0,0,0,0,0,0,1,0,0,0,0,0,0,0,0,0,1
18616,1,0,0,0,0,0,0,0,0,0,0,0,0,0,0,0,0,0,1,0,1
18617,0,0,0,0,0,0,0,0,0,0,1,0,0,0,1,0,0,0,0,0,2
18618,0,0,0,0,0,0,0,0,0,0,0,1,0,0,0,0,0,0,0,0,1
18619,0,0,0,0,0,0,0,0,0,0,0,0,0,0,0,0,0,0,0,0,0
18620,0,0,0,0,0,0,0,0,0,0,0,0,0,0,0,0,0,0,0,0,0
18621,0,0,0,0,0,0,0,1,0,0,0,0,0,0,1,0,0,0,1,1,2
18622,0,0,1,0,0,0,0,0,0,0,0,0,0,0,0,0,0,0,1,0,1
18623,1,0,0,0,0,0,0,0,0,0,0,0,0,0,0,0,0,0,1,0,1
18624,0,0,0,0,0,0,0,0,0,0,0,1,0,0,0,0,0,0,0,0,1
18625,1,0,0,0,0,0,0,0,0,0,0,0,1,1,0,0,0,0,1,1,3
18626,0,0,1,0,0,0,0,0,0,0,1,0,0,0,0,0,0,0,1,1,2
18627,0,0,0,0,0,0,0,0,0,0,0,0,0,0,0,0,0,0,0,0,0
18628,0,0,0,0,0,0,0,0,0,0,0,0,0,0,0,0,0,0,0,0,0
18629,0,0,0,0,0,0,0,0,0,0,0,0,0,0,0,0,0,0,0,0,0
18630,0,0,0,0,0,0,0,0,0,0,0,0,0,0,0,0,0,0,0,0,0
18631,0,0,0,0,0,0,0,0,1,0,0,0,0,0,0,0,0,0,1,0,1
18632,0,0,0,0,0,0,0,0,0,0,0,0,0,0,0,0,0,0,0,0,0
18633,0,0,0,0,0,0,0,0,0,0,0,0,0,0,0,0,0,0,0,0,0
18634,0,0,0,0,0,0,0,0,0,0,0,1,0,0,0,0,0,0,0,0,1
18635,0,0,1,1,0,0,0,0,0,0,0,0,1,0,0,0,0,0,1,1,3
18636,0,0,0,0,0,0,0,0,0,0,0,1,0,0,0,0,0,0,0,0,1
18637,0,0,0,0,0,0,0,0,0,0,0,0,0,0,0,0,0,0,0,0,0
18638,0,0,0,0,0,0,0,0,0,0,1,0,0,0,0,0,0,0,0,0,1
18639,0,0,1,0,0,0,0,0,0,0,0,0,0,0,0,0,0,0,1,0,1
18640,0,0,0,0,0,0,0,0,0,0,0,0,0,0,0,0,0,0,0,0,0
18641,0,0,0,0,0,0,0,0,0,0,0,1,0,0,0,0,0,0,0,0,1
18642,1,0,0,0,0,0,0,0,0,0,0,0,0,0,0,0,0,0,1,0,1
18643,0,0,0,0,0,0,0,0,0,0,0,0,0,0,0,0,0,0,0,0,0
18644,0,0,1,0,0,0,0,0,0,0,1,0,0,0,0,0,0,0,1,1,2
18645,0,0,1,0,0,0,0,0,0,0,0,0,0,0,0,0,0,0,1,0,1
18646,0,0,0,0,0,0,0,0,0,0,0,0,0,0,0,0,0,0,0,0,0
18647,0,0,0,0,0,0,0,0,0,0,0,0,0,0,0,0,0,0,0,0,0
18648,0,0,0,0,0,0,0,0,0,0,0,0,0,0,0,0,0,0,0,0,0
18649,0,0,1,0,0,0,0,0,0,0,1,0,0,0,0,0,0,0,1,1,2
18650,0,0,0,0,0,0,0,0,0,0,0,0,0,0,0,0,0,0,0,0,0
18651,0,0,0,0,0,0,0,0,0,0,0,0,0,0,0,0,0,0,0,0,0
18652,0,0,0,0,0,0,0,0,0,0,0,0,0,0,0,0,0,0,0,0,0
18653,0,0,0,0,0,0,0,0,0,0,0,0,0,0,0,0,0,0,0,0,0
18654,0,0,0,0,1,0,0,0,0,0,0,0,1,0,1,0,0,0,1,1,3
18655,1,0,0,0,0,0,0,0,0,0,1,0,0,0,0,0,0,0,1,1,2
18656,0,0,0,0,1,0,0,0,0,0,0,0,0,0,0,0,0,0,1,0,1
18657,0,0,0,0,0,0,0,0,0,0,0,0,0,0,0,0,0,0,0,0,0
18658,0,0,0,1,0,0,0,0,0,0,0,0,0,0,0,0,0,0,1,0,1
18659,0,0,0,0,0,0,0,0,0,0,0,0,0,0,0,0,0,0,0,0,0
18660,0,0,0,0,0,0,0,0,0,0,0,0,0,0,0,0,0,0,0,0,0
18661,0,0,0,0,0,0,0,0,1,0,0,0,0,0,0,0,0,0,1,0,1
18662,1,0,0,0,0,0,0,0,0,0,0,0,0,0,0,0,0,0,1,0,1
18663,0,0,0,0,0,0,0,0,0,0,0,0,0,0,0,0,0,0,0,0,0
18664,0,0,0,0,0,0,0,0,0,0,0,0,0,0,0,0,1,0,0,0,1
18665,1,0,0,0,0,0,0,0,0,0,0,0,0,0,0,0,0,0,1,0,1
18666,0,0,1,0,0,0,0,0,0,0,0,0,1,0,0,0,0,0,1,1,2
18667,1,0,0,0,0,0,0,0,0,0,0,0,0,0,0,0,0,0,1,0,1
18668,0,0,0,0,0,0,0,0,0,0,0,0,0,0,0,0,0,0,0,0,0
18669,0,0,0,0,1,0,0,0,0,0,0,0,1,0,1,0,0,0,1,1,3
18670,1,0,0,0,0,0,0,0,0,0,0,0,1,0,0,0,0,0,1,1,2
18671,1,0,0,0,0,1,0,0,0,0,0,0,0,0,0,0,0,0,1,0,2
18672,0,0,0,0,0,0,0,1,0,0,0,0,0,0,0,0,0,1,1,1,2
18673,0,0,0,0,0,0,0,0,0,0,0,0,1,0,1,0,0,0,0,0,2
18674,0,0,0,0,0,0,0,0,0,0,0,0,0,0,0,0,0,0,0,0,0
18675,1,0,0,0,0,0,0,0,0,0,0,0,1,0,0,0,0,0,1,1,2
18676,1,0,0,0,0,0,0,0,0,0,0,1,1,0,0,0,0,0,1,1,3
18677,0,0,1,0,0,0,0,0,0,0,1,0,0,0,0,0,0,0,1,1,2
18678,0,0,0,0,0,0,0,0,0,0,0,0,0,0,0,0,0,0,0,0,0
18679,0,0,0,0,0,0,0,0,0,0,0,1,0,0,0,0,0,0,0,0,1
18680,0,0,0,0,0,0,0,0,0,0,0,0,0,0,0,0,0,0,0,0,0
18681,0,0,0,0,0,0,0,0,0,0,0,0,0,0,0,0,0,0,0,0,0
18682,1,0,0,0,0,0,0,0,0,0,0,0,0,0,0,0,0,0,1,0,1
18683,0,0,0,0,0,0,0,0,0,0,0,0,0,0,0,0,0,0,0,0,0
18684,0,0,0,0,0,0,0,0,0,0,0,0,0,0,0,0,0,0,0,0,0
18685,0,0,0,0,0,0,0,0,0,0,1,0,0,0,0,0,0,0,0,0,1
18686,0,0,1,0,0,0,0,0,0,0,0,0,0,0,0,0,0,0,1,0,1
18687,0,0,0,0,0,0,0,0,0,0,0,0,0,0,0,0,0,0,0,0,0
18688,0,0,0,0,0,0,0,0,1,0,0,0,0,0,0,0,0,0,1,0,1
18689,0,0,0,0,0,0,0,0,0,0,0,0,0,0,0,0,0,0,0,0,0
18690,0,0,0,0,0,0,0,0,0,0,0,0,0,0,0,0,0,0,0,0,0
18691,0,0,1,0,0,0,0,0,0,0,1,0,0,0,0,0,0,0,1,1,2
18692,0,0,1,0,0,0,0,0,0,0,1,0,0,0,0,0,0,0,1,1,2
18693,0,0,0,0,0,0,0,0,0,0,0,0,0,0,0,0,0,0,0,0,0
18694,0,0,1,0,0,0,0,0,0,0,0,0,0,0,0,0,0,0,1,0,1
18695,0,0,0,0,0,0,0,0,0,0,0,0,0,0,0,0,0,0,0,0,0
18696,1,0,0,0,0,0,0,0,0,0,0,0,0,0,0,0,0,0,1,0,1
18697,0,0,1,0,0,0,0,0,0,0,0,0,1,0,1,0,0,0,1,1,3
18698,0,0,0,0,0,0,0,0,0,0,0,0,0,0,0,0,0,0,0,0,0
18699,0,0,0,0,0,0,0,0,0,0,0,0,0,0,0,0,0,0,0,0,0
18700,0,0,0,0,0,0,0,0,0,0,0,0,0,0,0,0,0,0,0,0,0
18701,0,0,0,0,0,0,0,0,0,0,0,0,0,0,0,0,0,0,0,0,0
18702,0,0,1,0,0,0,0,0,1,0,0,0,0,0,0,0,0,0,1,0,2
18703,0,0,0,0,0,0,0,0,0,0,0,0,0,0,0,0,0,1,0,0,1
18704,0,0,0,0,0,0,0,0,0,0,0,0,0,0,0,0,0,0,0,0,0
18705,0,0,0,0,0,0,0,0,0,0,1,0,0,0,0,1,0,0,0,0,2
18706,0,0,0,0,0,0,0,0,0,0,0,0,0,0,0,0,0,0,0,0,0
18707,0,0,0,0,0,0,0,0,0,0,0,0,0,0,0,0,0,0,0,0,0
18708,0,0,0,0,0,0,0,0,0,0,0,0,0,0,0,0,0,0,0,0,0
18709,0,0,0,0,0,0,0,0,0,0,0,0,0,0,0,0,0,0,0,0,0
18710,0,1,0,0,0,0,0,0,0,0,0,0,1,0,1,0,0,0,1,1,3
18711,0,0,0,0,0,0,0,0,0,0,0,0,0,0,0,0,0,0,0,0,0
18712,1,0,0,0,0,0,0,0,0,0,0,0,0,0,0,0,0,0,1,0,1
18713,0,0,1,0,0,0,0,0,0,0,0,0,0,0,0,0,0,0,1,0,1
18714,0,0,0,0,0,0,0,0,0,0,0,0,0,0,0,0,0,0,0,0,0
18715,0,0,0,0,0,0,0,0,0,0,0,1,0,0,0,0,0,0,0,0,1
18716,0,0,1,0,0,0,0,0,0,0,0,0,0,0,0,0,0,0,1,0,1
18717,0,1,0,0,0,0,0,0,0,0,0,0,0,0,0,0,0,0,1,0,1
18718,1,0,0,0,0,0,0,0,0,0,0,0,0,0,0,0,0,0,1,0,1
18719,0,0,0,0,0,0,0,0,0,0,1,0,0,0,0,0,0,0,0,0,1
18720,0,0,0,0,0,0,0,0,0,0,1,0,0,0,0,0,0,0,0,0,1
18721,0,0,0,0,0,0,0,0,0,0,0,0,0,0,0,0,0,0,0,0,0
18722,0,0,1,0,0,0,0,0,0,0,0,0,0,0,0,0,0,0,1,0,1
18723,0,0,1,0,0,0,0,0,0,0,1,0,0,0,0,1,0,0,1,1,3
18724,0,0,1,0,0,0,0,0,0,0,0,0,0,0,0,0,0,0,1,0,1
18725,0,0,0,0,0,0,0,0,0,0,0,0,0,0,0,0,0,0,0,0,0
18726,0,0,1,0,0,0,0,0,0,0,0,0,0,0,0,0,0,0,1,0,1
18727,0,0,1,0,0,0,0,0,0,0,1,0,0,0,0,0,0,0,1,1,2
18728,0,0,0,0,0,0,0,0,0,0,0,0,0,0,0,0,0,0,0,0,0
18729,0,0,1,0,0,0,0,0,0,0,1,0,0,0,0,0,0,0,1,1,2
18730,0,0,0,0,0,0,0,0,0,0,0,0,0,0,0,0,0,0,0,0,0
18731,0,0,0,0,0,0,0,0,0,0,0,0,0,0,0,0,0,0,0,0,0
18732,0,0,0,0,0,0,0,0,0,0,0,0,1,0,0,0,0,0,0,0,1
18733,0,0,0,0,0,0,0,0,0,0,0,0,0,0,0,0,0,0,0,0,0
18734,1,0,0,0,0,0,0,0,0,0,0,0,0,0,0,0,0,0,1,0,1
18735,1,0,1,0,0,0,0,0,0,0,0,0,1,0,0,0,0,0,1,1,3
18736,0,0,1,0,0,0,0,0,1,0,0,0,0,0,0,0,0,0,1,0,2
18737,0,0,0,0,1,0,0,0,1,0,0,0,0,0,1,0,0,0,1,1,3
18738,0,0,0,0,0,0,0,0,1,0,0,0,0,0,0,0,0,0,1,0,1
18739,0,0,0,0,0,0,0,0,0,0,0,0,0,0,0,0,0,0,0,0,0
18740,0,0,0,0,0,0,0,0,0,0,0,0,0,0,0,0,0,0,0,0,0
18741,0,0,0,0,0,0,0,0,1,0,0,0,0,0,0,0,0,0,1,0,1
18742,0,0,0,0,0,0,0,0,0,0,0,0,0,0,0,0,0,0,0,0,0
18743,1,0,0,0,0,0,0,0,0,0,0,0,0,0,0,0,0,0,1,0,1
18744,0,0,1,1,0,0,0,0,0,0,0,0,0,0,0,0,0,0,1,0,2
18745,0,0,0,0,0,0,0,0,0,0,0,0,0,0,0,0,0,0,0,0,0
18746,0,0,0,0,0,0,0,0,0,0,0,0,0,0,0,0,0,0,0,0,0
18747,1,0,0,0,0,0,0,0,0,0,0,0,0,0,0,0,0,0,1,0,1
18748,0,0,0,0,0,0,0,0,0,0,0,0,0,0,0,0,0,0,0,0,0
18749,0,0,0,0,1,0,0,0,1,0,0,0,1,0,1,0,0,0,1,1,4
18750,0,0,0,0,0,0,0,0,0,0,0,0,0,0,0,0,0,0,0,0,0
18751,0,0,0,0,0,0,0,0,1,0,0,0,0,0,0,0,0,0,1,0,1
18752,1,0,0,0,0,0,0,0,0,0,0,0,0,0,0,0,0,0,1,0,1
