Id,f,f2,f3,n_words,n_sentences,sentenc_ave_size
4918,0,1,1,55,3,18.333333
4919,2,1,2,58,3,19.333333
4920,1,1,1,35,4,8.750000
4921,1,2,1,34,3,11.333333
4922,0,0,0,29,3,9.666667
4923,0,0,0,19,2,9.500000
4924,2,2,1,75,7,10.714286
4925,1,1,1,63,6,10.500000
4926,2,1,2,44,5,8.800000
4927,0,1,0,36,3,12.000000
4928,0,2,1,59,4,14.750000
4929,2,1,1,55,4,13.750000
4930,0,1,0,70,4,17.500000
4931,0,0,0,55,3,18.333333
4932,1,1,1,48,5,9.600000
4933,2,2,2,56,6,9.333333
4934,1,1,2,54,5,10.800000
4935,0,1,0,94,7,13.428571
4936,2,1,1,52,3,17.333333
4937,2,2,2,72,7,10.285714
4938,1,1,1,57,4,14.250000
4939,0,1,1,46,5,9.200000
4940,2,1,1,65,5,13.000000
4941,1,2,2,55,5,11.000000
4942,0,0,0,63,3,21.000000
4943,0,1,2,55,4,13.750000
4944,2,2,1,55,3,18.333333
4945,2,1,1,39,3,13.000000
4946,0,2,1,50,3,16.666667
4947,1,1,1,39,3,13.000000
4948,2,1,1,45,3,15.000000
4949,0,1,1,44,6,7.333333
4950,0,0,0,59,5,11.800000
4951,0,0,1,61,5,12.200000
4952,1,1,1,59,5,11.800000
4953,0,0,0,27,3,9.000000
4954,0,0,0,15,2,7.500000
4955,1,1,1,43,3,14.333333
4956,1,1,1,44,4,11.000000
4957,0,1,1,76,6,12.666667
4958,0,0,0,35,2,17.500000
4959,0,1,0,25,2,12.500000
4960,1,1,1,57,5,11.400000
4961,2,2,2,72,5,14.400000
4962,1,1,1,40,3,13.333333
4963,0,0,0,47,3,15.666667
4964,2,1,1,56,3,18.666667
4965,0,0,1,63,3,21.000000
4966,2,1,1,39,3,13.000000
4967,1,1,0,51,3,17.000000
4968,0,0,0,27,2,13.500000
4969,1,1,1,52,2,26.000000
4970,2,1,1,52,5,10.400000
4971,0,0,0,19,2,9.500000
4972,2,0,0,43,3,14.333333
4973,1,1,1,18,2,9.000000
4974,1,2,1,60,5,12.000000
4975,2,1,2,60,5,12.000000
4976,0,1,0,46,2,23.000000
4977,1,1,0,49,3,16.333333
4978,2,1,1,33,3,11.000000
4979,2,1,1,47,4,11.750000
4980,2,2,1,54,4,13.500000
4981,2,1,2,68,5,13.600000
4982,2,1,1,57,6,9.500000
4983,1,1,1,57,4,14.250000
4984,2,2,2,73,5,14.600000
4985,2,0,0,46,5,9.200000
4986,1,1,1,55,4,13.750000
4987,0,0,1,30,3,10.000000
4988,2,1,2,48,3,16.000000
4989,1,0,1,55,5,11.000000
4990,2,1,2,62,3,20.666667
4991,2,2,2,58,4,14.500000
4992,2,1,1,37,4,9.250000
4993,1,0,0,53,3,17.666667
4994,1,1,1,39,4,9.750000
4995,0,1,1,57,3,19.000000
4996,1,0,0,27,3,9.000000
4997,1,0,0,45,3,15.000000
4998,2,2,2,59,5,11.800000
4999,2,2,1,55,5,11.000000
5000,0,0,0,44,2,22.000000
5001,2,1,1,50,4,12.500000
5002,2,2,2,62,4,15.500000
5003,0,1,1,38,3,12.666667
5004,1,1,1,57,4,14.250000
5005,1,2,1,63,5,12.600000
5006,2,1,1,69,5,13.800000
5007,0,0,1,61,5,12.200000
5008,0,0,0,69,4,17.250000
5009,2,1,1,64,6,10.666667
5010,0,1,1,45,3,15.000000
5011,2,0,1,29,2,14.500000
5012,1,0,0,33,2,16.500000
5013,2,1,1,54,5,10.800000
5014,0,0,0,51,3,17.000000
5015,2,2,1,66,4,16.500000
5016,1,1,1,62,7,8.857143
5017,0,0,0,34,3,11.333333
5018,1,0,0,46,3,15.333333
5019,0,0,0,54,4,13.500000
5020,2,1,1,45,4,11.250000
5021,2,1,1,37,3,12.333333
5022,0,0,1,49,4,12.250000
5023,1,1,1,51,4,12.750000
5024,2,1,1,61,4,15.250000
5025,0,0,0,36,4,9.000000
5026,0,1,1,42,4,10.500000
5027,0,0,0,44,3,14.666667
5028,1,1,1,50,4,12.500000
5029,0,0,0,53,5,10.600000
5030,0,1,1,54,4,13.500000
5031,2,1,1,70,4,17.500000
5032,0,2,2,82,7,11.714286
5033,1,1,1,27,2,13.500000
5034,1,1,1,20,2,10.000000
5035,2,2,2,75,6,12.500000
5036,1,0,0,18,2,9.000000
5037,2,1,1,50,4,12.500000
5038,0,0,0,12,2,6.000000
5039,1,1,1,59,3,19.666667
5040,0,1,2,87,8,10.875000
5041,1,1,1,42,3,14.000000
5042,0,0,1,45,6,7.500000
5043,0,1,1,3,1,3.000000
5044,2,2,1,61,4,15.250000
5045,2,2,2,51,4,12.750000
5046,0,1,1,43,3,14.333333
5047,0,1,1,65,3,21.666667
5048,2,1,1,57,6,9.500000
5049,2,2,1,51,3,17.000000
5050,2,2,2,76,4,19.000000
5051,2,2,2,74,4,18.500000
5052,1,2,1,51,4,12.750000
5053,1,0,0,38,3,12.666667
5054,2,1,1,38,5,7.600000
5055,0,2,1,50,2,25.000000
5056,2,1,2,68,5,13.600000
5057,2,2,1,52,5,10.400000
5058,0,1,1,87,4,21.750000
5059,1,1,0,39,2,19.500000
5060,0,0,1,24,2,12.000000
5061,0,1,0,48,4,12.000000
5062,0,0,0,36,3,12.000000
5063,0,1,1,48,3,16.000000
5064,2,2,2,83,7,11.857143
5065,0,1,2,66,6,11.000000
5066,1,1,1,38,3,12.666667
5067,0,0,0,39,4,9.750000
5068,1,1,1,52,4,13.000000
5069,2,2,2,63,4,15.750000
5070,0,1,1,60,5,12.000000
5071,0,1,1,23,2,11.500000
5072,2,2,1,57,3,19.000000
5073,1,0,1,37,2,18.500000
5074,1,1,1,39,2,19.500000
5075,0,1,1,39,2,19.500000
5076,0,1,1,65,3,21.666667
5077,0,0,0,35,3,11.666667
5078,1,2,1,56,5,11.200000
5079,1,2,2,51,3,17.000000
5080,2,2,1,61,4,15.250000
5081,1,1,1,42,3,14.000000
5082,1,2,1,67,5,13.400000
5083,1,1,2,63,4,15.750000
5084,1,1,1,45,5,9.000000
5085,0,1,1,39,4,9.750000
5086,1,1,1,44,3,14.666667
5087,2,1,2,61,6,10.166667
5088,0,0,0,40,3,13.333333
5089,1,1,1,38,3,12.666667
5090,0,1,2,39,3,13.000000
5091,1,1,1,62,5,12.400000
5092,0,0,0,21,2,10.500000
5093,1,2,1,51,4,12.750000
5094,0,1,1,46,3,15.333333
5095,2,1,1,74,5,14.800000
5096,1,1,1,34,3,11.333333
5097,2,1,1,47,4,11.750000
5098,0,1,0,46,4,11.500000
5099,0,0,0,53,5,10.600000
5100,1,0,0,44,3,14.666667
5101,0,1,1,62,3,20.666667
5102,2,2,2,57,6,9.500000
5103,2,2,1,42,3,14.000000
5104,2,2,2,60,4,15.000000
5105,0,1,0,51,4,12.750000
5106,0,0,0,52,2,26.000000
5107,0,1,2,81,3,27.000000
5108,1,1,1,35,3,11.666667
5109,1,2,2,49,3,16.333333
5110,1,2,2,87,9,9.666667
5111,0,1,1,63,3,21.000000
5112,2,1,2,62,4,15.500000
5113,0,2,2,70,4,17.500000
5114,1,2,2,94,6,15.666667
5115,1,1,2,51,4,12.750000
5116,1,1,1,53,4,13.250000
5117,2,2,2,50,4,12.500000
5118,0,0,0,27,2,13.500000
5119,0,1,1,34,2,17.000000
5120,2,1,1,68,4,17.000000
5121,0,0,0,59,3,19.666667
5122,0,1,1,50,4,12.500000
5123,0,0,0,23,3,7.666667
5124,1,1,2,79,5,15.800000
5125,2,1,1,42,3,14.000000
5126,1,1,1,52,3,17.333333
5127,0,0,1,49,7,7.000000
5128,0,1,1,40,3,13.333333
5129,0,1,0,42,3,14.000000
5130,2,1,2,49,5,9.800000
5131,2,2,2,61,6,10.166667
5132,0,1,1,46,4,11.500000
5133,2,2,2,110,4,27.500000
5134,2,0,0,54,5,10.800000
5135,2,1,1,77,7,11.000000
5136,0,0,0,29,3,9.666667
5137,1,0,1,54,6,9.000000
5138,0,0,0,40,3,13.333333
5139,0,0,1,40,3,13.333333
5140,0,2,0,55,4,13.750000
5141,2,2,1,47,4,11.750000
5142,1,1,1,43,3,14.333333
5143,1,1,1,64,3,21.333333
5144,0,0,0,18,3,6.000000
5145,0,0,0,29,2,14.500000
5146,1,1,1,54,5,10.800000
5147,0,1,1,45,4,11.250000
5148,0,1,1,61,4,15.250000
5149,1,0,0,23,2,11.500000
5150,0,0,0,42,3,14.000000
5151,2,2,2,69,6,11.500000
5152,2,2,2,73,4,18.250000
5153,2,0,0,43,3,14.333333
5154,1,1,1,40,3,13.333333
5155,0,0,0,41,4,10.250000
5156,0,1,1,44,4,11.000000
5157,1,0,0,56,4,14.000000
5158,2,1,1,59,3,19.666667
5159,1,2,2,83,6,13.833333
5160,2,1,1,66,4,16.500000
5161,0,2,1,46,5,9.200000
5162,0,0,0,40,3,13.333333
5163,0,2,2,67,6,11.166667
5164,2,1,1,43,3,14.333333
5165,1,0,0,27,3,9.000000
5166,0,1,1,56,4,14.000000
5167,0,1,1,54,4,13.500000
5168,2,2,2,82,5,16.400000
5169,1,1,2,69,7,9.857143
5170,1,1,1,60,5,12.000000
5171,2,2,1,70,4,17.500000
5172,2,1,1,67,5,13.400000
5173,2,1,1,43,4,10.750000
5174,0,1,1,35,3,11.666667
5175,2,2,2,83,6,13.833333
5176,0,1,1,40,3,13.333333
5177,0,0,0,24,2,12.000000
5178,0,1,1,42,3,14.000000
5179,1,1,1,57,4,14.250000
5180,0,1,1,72,4,18.000000
5181,0,1,1,42,4,10.500000
5182,0,1,1,55,2,27.500000
5183,1,1,1,48,3,16.000000
5184,0,0,0,19,2,9.500000
5185,0,1,1,53,3,17.666667
5186,1,1,1,59,4,14.750000
5187,2,1,1,77,5,15.400000
5188,0,0,0,36,3,12.000000
5189,1,1,1,39,3,13.000000
5190,2,2,2,71,3,23.666667
5191,1,1,1,63,6,10.500000
5192,0,1,0,56,3,18.666667
5193,0,1,1,39,3,13.000000
5194,0,1,1,46,4,11.500000
5195,2,1,2,63,8,7.875000
5196,1,1,1,70,4,17.500000
5197,1,0,1,64,4,16.000000
5198,1,1,1,69,5,13.800000
5199,2,1,2,56,4,14.000000
5200,1,2,1,87,5,17.400000
5201,0,1,1,66,6,11.000000
5202,1,1,1,33,4,8.250000
5203,0,1,1,52,4,13.000000
5204,2,2,2,82,5,16.400000
5205,1,1,1,49,4,12.250000
5206,1,1,1,73,5,14.600000
5207,2,2,2,71,5,14.200000
5208,2,1,1,35,3,11.666667
5209,1,1,1,48,4,12.000000
5210,1,1,1,50,4,12.500000
5211,2,2,2,58,4,14.500000
5212,2,1,1,74,6,12.333333
5213,0,1,0,50,5,10.000000
5214,2,1,1,53,4,13.250000
5215,0,0,0,49,4,12.250000
5216,1,2,2,46,4,11.500000
5217,1,2,1,59,4,14.750000
5218,2,1,1,30,3,10.000000
5219,0,1,1,30,3,10.000000
5220,1,1,1,57,3,19.000000
5221,1,2,2,47,4,11.750000
5222,1,2,1,55,3,18.333333
5223,1,2,2,62,4,15.500000
5224,0,2,2,76,5,15.200000
5225,2,0,0,36,3,12.000000
5226,0,0,0,66,5,13.200000
5227,2,2,2,64,5,12.800000
5228,2,2,2,41,3,13.666667
5229,1,1,1,46,5,9.200000
5230,2,1,1,64,4,16.000000
5231,2,1,1,27,3,9.000000
5232,2,1,1,62,4,15.500000
5233,2,1,2,51,3,17.000000
5234,2,1,2,42,5,8.400000
5235,2,1,1,60,4,15.000000
5236,0,0,0,31,2,15.500000
5237,1,1,1,77,5,15.400000
5238,1,1,1,50,5,10.000000
5239,1,0,0,73,5,14.600000
5240,0,0,0,47,4,11.750000
5241,2,1,1,70,4,17.500000
5242,2,2,1,74,5,14.800000
5244,1,1,1,58,3,19.333333
5245,1,1,1,68,6,11.333333
5246,2,2,1,54,4,13.500000
5247,1,0,0,25,2,12.500000
5249,2,1,2,45,4,11.250000
5250,1,1,1,46,4,11.500000
5251,0,0,1,54,2,27.000000
5252,0,1,1,62,6,10.333333
5253,2,0,0,59,5,11.800000
5254,0,0,0,27,2,13.500000
5255,0,0,0,47,3,15.666667
5256,1,0,0,43,4,10.750000
5257,2,1,0,72,4,18.000000
5258,0,0,0,51,3,17.000000
5259,1,0,0,23,2,11.500000
5260,2,1,2,82,5,16.400000
5261,2,2,1,64,5,12.800000
5262,1,1,1,39,3,13.000000
5263,0,1,0,43,3,14.333333
5264,1,1,1,73,8,9.125000
5265,2,2,1,60,4,15.000000
5266,2,2,1,89,5,17.800000
5267,2,2,2,43,3,14.333333
5268,0,1,1,54,5,10.800000
5269,1,1,2,47,2,23.500000
5270,0,1,1,53,5,10.600000
5271,1,0,0,33,2,16.500000
5272,0,1,2,56,3,18.666667
5273,2,1,2,61,7,8.714286
5274,1,1,1,42,4,10.500000
5275,2,1,2,63,5,12.600000
5276,2,1,1,32,3,10.666667
5277,0,1,1,58,4,14.500000
5278,1,0,0,51,4,12.750000
5279,0,1,1,38,4,9.500000
5280,1,1,1,49,6,8.166667
5281,0,0,0,27,3,9.000000
5282,1,2,2,60,3,20.000000
5283,1,2,2,52,5,10.400000
5284,0,0,0,47,5,9.400000
5285,2,1,1,60,5,12.000000
5286,2,2,1,83,4,20.750000
5287,1,0,1,24,3,8.000000
5288,0,1,1,32,4,8.000000
5289,2,2,2,60,5,12.000000
5290,2,2,1,52,4,13.000000
5291,0,0,0,56,5,11.200000
5292,0,0,0,64,4,16.000000
5293,2,2,2,68,6,11.333333
5294,0,1,0,48,3,16.000000
5295,2,2,1,74,5,14.800000
5296,1,2,1,46,3,15.333333
5297,0,1,1,68,7,9.714286
5298,1,1,1,40,5,8.000000
5299,0,0,0,37,3,12.333333
5300,1,1,1,49,4,12.250000
5301,1,1,0,51,5,10.200000
5302,0,2,1,63,4,15.750000
5303,1,1,0,46,3,15.333333
5304,0,1,1,46,3,15.333333
5305,2,2,1,50,4,12.500000
5306,2,1,1,46,4,11.500000
5307,0,2,2,61,4,15.250000
5308,2,1,1,56,4,14.000000
5309,0,1,1,48,4,12.000000
5310,2,2,1,81,6,13.500000
5311,2,2,2,103,6,17.166667
5312,1,1,1,46,4,11.500000
5313,2,1,1,44,3,14.666667
5315,1,1,1,49,2,24.500000
5316,0,1,0,53,4,13.250000
5317,1,1,1,45,3,15.000000
5318,1,1,1,70,3,23.333333
5319,0,1,1,54,4,13.500000
5320,1,0,1,55,4,13.750000
5321,0,0,0,71,3,23.666667
5322,1,1,1,41,3,13.666667
5323,0,1,1,54,5,10.800000
5324,1,1,1,64,5,12.800000
5325,0,1,1,54,4,13.500000
5326,2,1,1,60,5,12.000000
5327,1,1,1,48,7,6.857143
5328,2,2,1,55,4,13.750000
5329,0,2,1,67,4,16.750000
5330,2,2,2,65,5,13.000000
5331,1,1,1,67,3,22.333333
5332,0,1,1,34,3,11.333333
5333,2,1,1,40,2,20.000000
5334,1,1,1,55,4,13.750000
5335,1,2,2,72,8,9.000000
5336,1,1,1,41,3,13.666667
5337,2,2,2,62,4,15.500000
5338,0,0,0,47,3,15.666667
5339,2,1,1,81,6,13.500000
5340,1,1,2,82,3,27.333333
5341,2,2,2,79,7,11.285714
5342,1,1,1,46,3,15.333333
5343,1,1,2,84,5,16.800000
5344,1,1,1,38,3,12.666667
5345,1,1,1,51,3,17.000000
5346,2,1,1,59,6,9.833333
5347,1,1,1,66,4,16.500000
5348,0,1,2,59,6,9.833333
5349,1,1,1,61,6,10.166667
5350,2,1,1,26,3,8.666667
5351,1,2,1,57,5,11.400000
5352,2,2,2,63,4,15.750000
5353,0,0,0,60,4,15.000000
5354,1,1,1,36,4,9.000000
5355,1,1,1,64,5,12.800000
5356,0,1,1,73,3,24.333333
5357,1,0,0,27,3,9.000000
5358,2,2,2,52,3,17.333333
5359,2,2,1,59,5,11.800000
5360,1,1,1,68,5,13.600000
5361,0,0,1,21,3,7.000000
5362,0,0,0,45,3,15.000000
5363,2,1,1,41,4,10.250000
5364,1,1,1,46,3,15.333333
5365,2,1,1,46,4,11.500000
5366,1,2,2,75,6,12.500000
5367,0,0,1,62,4,15.500000
5368,2,1,1,39,3,13.000000
5369,2,1,1,42,3,14.000000
5370,0,1,1,46,3,15.333333
5372,1,1,1,47,3,15.666667
5373,1,1,1,30,3,10.000000
5374,2,1,1,67,4,16.750000
5375,1,2,2,90,9,10.000000
5376,0,1,0,55,5,11.000000
5377,2,1,1,30,3,10.000000
5378,0,1,0,53,5,10.600000
5379,1,1,1,35,3,11.666667
5380,0,0,1,57,4,14.250000
5381,1,1,1,68,5,13.600000
5382,2,2,2,45,4,11.250000
5383,2,1,1,54,5,10.800000
5384,1,1,1,53,5,10.600000
5385,1,2,1,62,5,12.400000
5386,1,1,1,49,4,12.250000
5387,0,0,0,55,5,11.000000
5388,0,1,1,57,6,9.500000
5389,1,1,1,54,5,10.800000
5390,0,0,0,49,4,12.250000
5391,1,2,2,62,3,20.666667
5392,1,1,1,48,4,12.000000
5393,2,1,1,52,4,13.000000
5394,1,0,0,45,5,9.000000
5395,2,1,1,53,3,17.666667
5396,2,1,1,61,4,15.250000
5397,0,1,1,58,3,19.333333
5398,0,0,0,27,3,9.000000
5400,0,1,1,55,4,13.750000
5401,2,1,1,37,4,9.250000
5402,0,1,1,52,4,13.000000
5403,1,1,1,52,4,13.000000
5404,1,1,1,42,4,10.500000
5405,2,1,2,56,4,14.000000
5406,1,2,1,74,5,14.800000
5407,0,0,0,43,3,14.333333
5408,2,1,1,37,3,12.333333
5409,2,1,1,55,3,18.333333
5410,1,2,2,78,6,13.000000
5411,1,1,1,35,4,8.750000
5412,0,0,0,40,3,13.333333
5413,0,0,1,27,3,9.000000
5414,0,1,1,65,6,10.833333
5415,1,1,1,63,4,15.750000
5416,0,1,1,46,3,15.333333
5417,2,1,1,40,4,10.000000
5418,1,0,1,44,2,22.000000
5419,2,2,2,75,4,18.750000
5420,0,0,0,28,3,9.333333
5421,0,0,0,30,2,15.000000
5422,0,0,1,59,3,19.666667
5423,1,2,2,96,7,13.714286
5424,0,0,0,53,5,10.600000
5425,1,1,1,60,4,15.000000
5426,2,1,1,61,4,15.250000
5427,2,2,1,65,6,10.833333
5429,2,2,2,64,5,12.800000
5430,2,2,2,67,5,13.400000
5431,2,1,1,95,4,23.750000
5432,1,2,2,61,4,15.250000
5433,2,2,2,50,2,25.000000
5434,2,1,1,48,4,12.000000
5435,0,1,1,40,3,13.333333
5436,1,1,1,66,7,9.428571
5437,0,0,1,37,3,12.333333
5438,1,1,0,41,3,13.666667
5439,2,1,1,55,4,13.750000
5440,0,2,1,70,4,17.500000
5441,0,0,0,29,3,9.666667
5442,1,0,1,26,2,13.000000
5443,1,2,1,58,4,14.500000
5444,0,0,0,58,3,19.333333
5445,1,0,0,48,4,12.000000
5446,2,1,2,55,4,13.750000
5447,1,1,1,59,4,14.750000
5448,2,2,2,79,6,13.166667
5449,1,1,1,69,6,11.500000
5450,2,1,2,59,3,19.666667
5451,2,2,1,35,2,17.500000
5452,0,0,0,29,4,7.250000
5453,2,1,1,34,3,11.333333
5454,0,0,0,44,3,14.666667
5455,2,1,1,40,3,13.333333
5456,1,1,2,52,5,10.400000
5457,0,0,0,25,2,12.500000
5458,2,2,2,68,5,13.600000
5459,1,2,2,64,4,16.000000
5460,2,1,1,60,3,20.000000
5461,0,0,0,28,2,14.000000
5462,2,1,1,50,4,12.500000
5463,0,1,1,43,3,14.333333
5464,0,1,1,35,2,17.500000
5465,0,0,0,13,1,13.000000
5466,2,0,1,39,3,13.000000
5467,1,1,1,54,7,7.714286
5468,1,1,1,63,4,15.750000
5469,0,0,0,8,2,4.000000
5470,2,1,1,61,4,15.250000
5471,1,1,1,41,4,10.250000
5472,2,2,2,74,4,18.500000
5473,1,1,1,47,3,15.666667
5474,2,1,1,39,3,13.000000
5475,2,1,1,38,4,9.500000
5476,2,2,1,59,4,14.750000
5477,2,1,1,51,3,17.000000
5478,0,1,1,14,1,14.000000
5479,1,0,1,32,2,16.000000
5480,1,1,1,128,7,18.285714
5481,2,1,1,58,5,11.600000
5482,0,1,1,66,5,13.200000
5483,2,1,1,40,3,13.333333
5484,2,2,2,55,4,13.750000
5485,1,1,1,31,3,10.333333
5486,0,1,0,51,4,12.750000
5487,1,1,2,48,5,9.600000
5488,2,1,1,51,6,8.500000
5489,0,0,1,61,5,12.200000
5490,2,2,2,67,6,11.166667
5491,1,0,1,41,3,13.666667
5492,2,1,1,40,4,10.000000
5493,1,2,2,52,4,13.000000
5494,0,0,0,46,4,11.500000
5495,1,1,1,53,5,10.600000
5496,0,1,0,57,3,19.000000
5497,2,1,1,43,3,14.333333
5498,2,1,1,34,3,11.333333
5499,0,1,1,53,4,13.250000
5500,2,2,2,83,4,20.750000
5501,0,0,0,55,3,18.333333
5502,0,1,0,60,5,12.000000
5503,2,1,0,67,3,22.333333
5504,1,1,1,44,3,14.666667
5505,0,0,0,32,3,10.666667
5506,2,1,1,41,3,13.666667
5507,2,1,2,43,3,14.333333
5508,2,1,2,58,4,14.500000
5509,2,1,2,51,4,12.750000
5511,0,0,0,47,5,9.400000
5512,2,1,1,43,3,14.333333
5513,2,2,2,88,3,29.333333
5514,2,1,1,39,3,13.000000
5515,2,1,1,32,3,10.666667
5516,2,1,1,62,6,10.333333
5518,2,2,1,49,3,16.333333
5519,0,1,0,52,4,13.000000
5520,1,0,0,51,4,12.750000
5521,0,1,0,50,4,12.500000
5522,1,1,1,51,4,12.750000
5523,1,1,1,49,4,12.250000
5524,0,1,1,39,2,19.500000
5526,2,1,1,24,3,8.000000
5527,0,0,0,8,2,4.000000
5528,1,1,1,66,4,16.500000
5529,2,1,1,34,2,17.000000
5530,0,0,0,34,4,8.500000
5531,1,0,1,55,5,11.000000
5532,1,0,0,22,2,11.000000
5533,1,1,0,27,3,9.000000
5534,1,1,1,55,2,27.500000
5535,2,2,2,61,4,15.250000
5536,1,1,1,47,2,23.500000
5537,0,1,1,47,4,11.750000
5538,0,0,0,41,2,20.500000
5539,0,1,1,42,3,14.000000
5540,2,1,2,66,7,9.428571
5541,1,1,1,70,4,17.500000
5542,1,1,1,56,5,11.200000
5543,1,0,0,45,3,15.000000
5544,1,1,1,40,3,13.333333
5545,1,1,1,54,5,10.800000
5546,0,0,0,46,4,11.500000
5547,0,0,0,30,3,10.000000
5548,0,0,0,49,4,12.250000
5549,1,1,1,67,5,13.400000
5550,0,1,1,45,2,22.500000
5551,2,2,2,74,3,24.666667
5552,1,2,2,73,6,12.166667
5553,0,1,1,54,4,13.500000
5554,1,2,0,72,6,12.000000
5555,2,1,1,52,5,10.400000
5556,0,0,0,21,2,10.500000
5557,0,1,0,55,3,18.333333
5558,2,1,1,60,2,30.000000
5559,2,1,1,38,3,12.666667
5560,2,1,1,74,6,12.333333
5561,2,1,2,39,4,9.750000
5562,0,1,1,41,3,13.666667
5563,0,1,0,31,3,10.333333
5564,1,1,2,72,4,18.000000
5565,1,2,2,99,7,14.142857
5566,2,1,1,51,3,17.000000
5567,2,2,2,53,4,13.250000
5568,2,1,1,52,6,8.666667
5569,0,2,1,53,5,10.600000
5571,0,0,0,25,3,8.333333
5572,2,1,1,52,4,13.000000
5573,0,0,0,38,3,12.666667
5574,2,2,1,87,6,14.500000
5575,2,1,1,29,3,9.666667
5576,0,1,1,47,3,15.666667
5577,2,1,1,58,6,9.666667
5578,0,0,1,25,2,12.500000
5579,2,2,2,76,5,15.200000
5580,0,0,0,34,2,17.000000
5581,1,1,1,31,3,10.333333
5582,0,1,1,52,4,13.000000
5583,1,2,2,66,6,11.000000
5585,1,1,0,55,5,11.000000
5586,1,1,1,37,4,9.250000
5587,2,2,1,49,4,12.250000
5588,0,1,1,68,6,11.333333
5589,0,0,0,35,4,8.750000
5590,1,1,1,58,4,14.500000
5591,1,1,1,55,4,13.750000
5592,2,1,1,62,5,12.400000
5593,0,0,1,53,4,13.250000
5594,0,0,0,49,3,16.333333
5595,1,2,1,44,4,11.000000
5596,2,1,2,53,3,17.666667
5597,2,1,2,55,4,13.750000
5598,1,1,1,50,4,12.500000
5599,1,1,2,63,3,21.000000
5600,1,1,1,60,6,10.000000
5601,1,2,1,59,4,14.750000
5602,0,0,0,29,3,9.666667
5603,2,1,2,37,3,12.333333
5604,1,1,1,49,3,16.333333
5605,1,1,1,29,3,9.666667
5606,2,2,2,60,4,15.000000
5607,1,0,1,51,1,51.000000
5608,2,0,1,49,4,12.250000
5609,1,1,1,46,4,11.500000
5610,1,1,2,75,5,15.000000
5611,0,0,0,34,3,11.333333
5612,1,1,1,62,5,12.400000
5613,2,2,2,62,4,15.500000
5614,1,1,1,40,3,13.333333
5616,1,1,1,48,5,9.600000
5617,0,0,0,43,3,14.333333
5618,2,2,1,66,5,13.200000
5619,0,1,1,57,4,14.250000
5620,0,1,0,37,3,12.333333
5621,0,0,1,50,5,10.000000
5622,1,1,1,43,3,14.333333
5623,0,2,1,69,4,17.250000
5624,0,1,1,47,3,15.666667
5625,1,1,1,54,4,13.500000
5626,1,1,1,59,4,14.750000
5627,2,2,2,73,6,12.166667
5628,2,1,1,31,3,10.333333
5629,1,1,2,57,4,14.250000
5630,2,2,1,44,5,8.800000
5631,2,1,1,68,5,13.600000
5632,0,1,1,57,5,11.400000
5633,1,2,2,66,7,9.428571
5634,2,1,1,44,4,11.000000
5635,2,1,1,71,5,14.200000
5636,1,0,1,49,4,12.250000
5637,1,1,1,46,3,15.333333
5638,2,2,1,59,4,14.750000
5639,2,2,2,75,5,15.000000
5640,1,1,1,48,4,12.000000
5641,2,1,1,43,4,10.750000
5642,2,0,0,35,2,17.500000
5643,1,2,1,76,7,10.857143
5644,0,0,0,70,4,17.500000
5645,2,2,2,55,4,13.750000
5646,0,0,0,30,3,10.000000
5647,1,0,0,43,3,14.333333
5648,0,1,1,50,3,16.666667
5649,0,0,0,32,3,10.666667
5650,0,1,1,47,4,11.750000
5651,0,0,0,28,2,14.000000
5652,2,1,1,36,3,12.000000
5653,0,1,0,31,3,10.333333
5654,1,1,1,67,7,9.571429
5656,2,2,2,65,3,21.666667
5657,0,0,0,31,4,7.750000
5658,0,0,0,25,2,12.500000
5659,1,2,1,44,5,8.800000
5660,2,2,2,94,8,11.750000
5661,2,2,2,71,6,11.833333
5662,0,0,1,31,2,15.500000
5663,1,1,0,21,3,7.000000
5664,1,2,2,73,7,10.428571
5665,0,0,0,37,3,12.333333
5666,1,0,1,54,5,10.800000
5667,1,1,1,28,3,9.333333
5668,2,1,2,59,3,19.666667
5669,0,0,0,40,3,13.333333
5670,2,2,2,71,4,17.750000
5671,2,1,1,58,3,19.333333
5672,1,1,1,40,2,20.000000
5673,2,1,2,62,4,15.500000
5674,2,2,2,45,3,15.000000
5675,1,0,0,52,4,13.000000
5676,0,1,1,71,5,14.200000
5677,1,1,1,45,4,11.250000
5678,0,0,1,39,4,9.750000
5679,0,0,0,33,2,16.500000
5680,2,1,1,41,3,13.666667
5681,1,0,0,48,3,16.000000
5682,0,0,0,31,4,7.750000
5683,0,0,0,28,3,9.333333
5684,2,2,1,50,4,12.500000
5685,0,0,0,55,2,27.500000
5686,2,2,2,67,7,9.571429
5687,1,1,1,24,4,6.000000
5688,1,2,2,70,5,14.000000
5689,2,1,1,71,6,11.833333
5690,2,1,1,59,6,9.833333
5691,2,2,1,79,5,15.800000
5692,2,1,1,36,4,9.000000
5693,0,0,1,62,3,20.666667
5694,2,2,1,54,5,10.800000
5695,1,0,1,50,4,12.500000
5696,1,1,1,59,6,9.833333
5697,2,1,1,57,4,14.250000
5698,0,1,1,43,3,14.333333
5699,2,1,1,71,4,17.750000
5700,2,2,2,52,3,17.333333
5701,1,1,1,49,4,12.250000
5702,1,1,1,50,4,12.500000
5703,1,0,0,39,3,13.000000
5704,1,1,1,56,4,14.000000
5705,0,1,1,56,6,9.333333
5706,0,1,1,54,4,13.500000
5707,2,1,1,68,5,13.600000
5708,1,2,1,70,3,23.333333
5709,0,1,1,53,3,17.666667
5710,1,1,1,40,5,8.000000
5711,0,1,1,38,3,12.666667
5712,0,0,0,55,4,13.750000
5713,1,2,2,62,5,12.400000
5714,1,0,0,50,5,10.000000
5715,1,1,1,49,5,9.800000
5716,0,1,1,40,4,10.000000
5717,0,0,0,44,4,11.000000
5718,1,1,1,41,3,13.666667
5719,2,2,2,60,5,12.000000
5720,1,0,0,45,3,15.000000
5721,1,1,1,56,3,18.666667
5722,1,1,1,27,2,13.500000
5723,0,0,0,34,2,17.000000
5724,0,1,1,52,4,13.000000
5725,2,2,2,56,7,8.000000
5726,1,2,1,69,5,13.800000
5728,1,1,1,44,3,14.666667
5729,0,0,0,37,4,9.250000
5730,2,2,2,79,5,15.800000
5731,2,2,2,67,5,13.400000
5732,2,2,1,57,4,14.250000
5733,0,0,0,34,2,17.000000
5734,0,0,0,34,2,17.000000
5735,2,1,1,55,4,13.750000
5736,0,0,0,93,3,31.000000
5737,0,0,0,28,3,9.333333
5738,0,0,0,56,4,14.000000
5739,1,1,1,56,8,7.000000
5741,2,2,1,76,5,15.200000
5742,2,1,1,61,4,15.250000
5743,0,0,0,46,3,15.333333
5744,1,2,1,57,4,14.250000
5745,0,1,1,89,5,17.800000
5746,0,1,1,49,4,12.250000
5747,1,1,1,42,3,14.000000
5748,0,0,0,49,4,12.250000
5749,0,1,1,49,4,12.250000
5750,0,0,0,35,3,11.666667
5751,0,1,1,23,2,11.500000
5752,1,2,1,67,8,8.375000
5753,1,1,1,71,7,10.142857
5754,0,0,0,36,3,12.000000
5755,2,1,1,57,6,9.500000
5756,2,2,2,53,2,26.500000
5757,0,1,1,43,4,10.750000
5758,0,1,0,57,4,14.250000
5759,0,1,1,34,3,11.333333
5760,0,1,1,93,5,18.600000
5761,0,0,0,42,4,10.500000
5762,2,2,2,61,6,10.166667
5763,1,1,1,52,4,13.000000
5764,2,1,1,43,5,8.600000
5765,1,1,2,51,4,12.750000
5766,1,1,1,42,3,14.000000
5767,1,1,1,52,3,17.333333
5768,1,1,1,45,4,11.250000
5769,0,1,1,42,3,14.000000
5770,0,0,0,56,2,28.000000
5771,2,2,2,62,6,10.333333
5772,0,0,0,19,2,9.500000
5773,1,1,1,56,3,18.666667
5774,2,2,2,60,3,20.000000
5775,0,1,1,45,4,11.250000
5776,0,1,0,34,4,8.500000
5777,0,0,0,37,3,12.333333
5778,2,1,1,54,4,13.500000
5779,1,1,1,66,7,9.428571
5780,1,0,1,50,4,12.500000
5781,2,1,1,67,4,16.750000
5782,1,2,2,72,5,14.400000
5784,2,2,2,50,4,12.500000
5785,2,2,1,59,4,14.750000
5786,2,2,2,80,5,16.000000
5787,1,1,1,20,2,10.000000
5788,1,1,1,63,3,21.000000
5789,1,1,1,57,3,19.000000
5790,1,1,1,58,5,11.600000
5791,0,1,1,46,4,11.500000
5792,2,2,2,77,5,15.400000
5794,1,1,1,42,3,14.000000
5795,1,0,0,29,2,14.500000
5796,0,0,0,37,3,12.333333
5797,2,1,1,59,7,8.428571
5798,0,0,0,54,5,10.800000
5799,1,2,1,48,3,16.000000
5801,0,0,0,33,2,16.500000
5802,0,0,1,33,4,8.250000
5803,1,1,1,38,3,12.666667
5804,2,0,0,40,2,20.000000
5805,1,0,0,45,3,15.000000
5806,0,0,1,65,5,13.000000
5807,2,2,2,49,4,12.250000
5808,2,2,2,57,5,11.400000
5809,2,2,2,77,8,9.625000
5810,0,1,1,55,2,27.500000
5811,1,1,1,30,3,10.000000
5812,2,1,1,46,5,9.200000
5813,0,0,0,38,4,9.500000
5814,0,0,0,60,4,15.000000
5815,0,0,0,14,2,7.000000
5816,1,1,1,66,5,13.200000
5817,0,0,0,41,2,20.500000
5818,0,1,1,58,5,11.600000
5819,1,1,1,54,4,13.500000
5820,1,1,1,74,6,12.333333
5821,1,0,1,40,4,10.000000
5822,1,2,1,48,4,12.000000
5823,0,1,1,52,4,13.000000
5824,0,0,0,11,2,5.500000
5825,2,2,1,37,4,9.250000
5826,2,2,2,48,2,24.000000
5828,0,1,1,66,5,13.200000
5829,1,2,2,66,5,13.200000
5830,1,2,2,59,6,9.833333
5831,2,2,2,53,4,13.250000
5832,2,2,1,54,3,18.000000
5833,2,1,1,38,4,9.500000
5834,2,1,1,41,3,13.666667
5835,1,2,2,79,6,13.166667
5836,2,1,1,47,4,11.750000
5837,1,1,1,67,4,16.750000
5838,1,1,1,44,2,22.000000
5839,2,2,2,56,5,11.200000
5840,1,1,1,42,4,10.500000
5841,2,1,1,52,4,13.000000
5842,2,1,1,51,5,10.200000
5843,1,1,1,54,4,13.500000
5844,1,2,2,64,6,10.666667
5845,2,1,1,45,3,15.000000
5846,1,1,0,40,3,13.333333
5847,1,1,1,46,4,11.500000
5848,1,1,1,74,5,14.800000
5849,2,2,1,69,5,13.800000
5850,0,1,1,48,3,16.000000
5851,1,1,1,49,5,9.800000
5854,2,2,1,63,6,10.500000
5855,0,2,1,57,4,14.250000
5856,0,1,1,37,3,12.333333
5860,2,2,2,54,4,13.500000
5861,2,2,2,57,4,14.250000
5862,1,2,2,45,2,22.500000
5863,0,1,0,60,4,15.000000
5865,1,1,1,62,6,10.333333
5866,2,1,1,34,3,11.333333
5867,0,1,1,51,3,17.000000
5868,2,1,1,37,3,12.333333
5869,2,1,1,53,5,10.600000
5870,1,2,2,63,5,12.600000
5871,2,1,1,33,3,11.000000
5872,2,1,1,54,5,10.800000
5873,2,1,2,60,6,10.000000
5874,0,1,1,55,3,18.333333
5875,2,0,0,72,6,12.000000
5876,2,2,2,52,3,17.333333
5877,2,2,2,61,4,15.250000
5879,1,0,0,39,3,13.000000
5880,2,2,2,72,6,12.000000
5881,1,1,1,33,3,11.000000
5882,1,1,1,50,5,10.000000
5883,2,2,1,49,4,12.250000
5884,0,1,1,52,4,13.000000
5885,2,2,2,60,3,20.000000
5886,1,1,1,30,3,10.000000
5887,2,1,1,24,2,12.000000
5888,1,1,1,58,5,11.600000
5889,0,2,1,63,7,9.000000
5890,2,2,2,47,4,11.750000
5891,0,1,1,74,5,14.800000
5892,1,1,1,54,4,13.500000
5893,1,1,1,81,5,16.200000
5894,1,1,1,34,3,11.333333
5895,1,1,1,52,3,17.333333
5896,1,2,2,93,8,11.625000
5897,0,1,0,45,3,15.000000
5898,1,2,2,70,5,14.000000
5899,2,2,2,79,4,19.750000
5900,0,0,1,43,3,14.333333
5901,0,1,1,36,2,18.000000
5902,1,1,1,68,5,13.600000
5903,1,1,1,64,6,10.666667
5904,2,2,1,65,4,16.250000
5905,2,2,2,69,5,13.800000
5906,2,1,1,27,3,9.000000
5907,2,1,1,40,3,13.333333
5908,2,1,1,40,4,10.000000
5909,1,1,1,54,3,18.000000
5910,1,1,1,72,7,10.285714
5911,1,1,1,57,4,14.250000
5912,2,1,1,39,3,13.000000
5913,0,1,1,54,5,10.800000
5914,2,1,1,44,6,7.333333
5915,0,1,1,28,3,9.333333
5916,2,1,1,46,2,23.000000
5917,1,1,1,51,3,17.000000
5918,1,1,1,36,4,9.000000
5919,0,1,1,61,4,15.250000
5920,2,1,1,28,2,14.000000
5921,2,2,2,59,4,14.750000
5922,1,0,0,42,4,10.500000
5923,0,0,0,43,3,14.333333
5924,2,1,1,58,4,14.500000
5925,0,0,1,51,3,17.000000
5926,0,1,1,55,4,13.750000
5927,2,2,1,62,4,15.500000
5928,1,0,0,42,4,10.500000
5929,0,0,0,66,4,16.500000
5930,1,1,0,42,4,10.500000
5931,1,1,1,51,4,12.750000
5932,2,2,2,58,4,14.500000
5933,0,0,0,22,2,11.000000
5934,0,0,0,35,2,17.500000
5935,1,2,1,57,6,9.500000
5936,1,1,1,53,4,13.250000
5937,1,1,1,52,4,13.000000
5938,0,0,1,59,8,7.375000
5939,1,1,1,47,4,11.750000
5940,2,1,1,49,3,16.333333
5941,2,1,1,62,5,12.400000
5942,1,1,1,53,4,13.250000
5943,0,0,0,52,4,13.000000
5944,1,1,1,55,5,11.000000
5945,1,1,1,38,4,9.500000
5946,0,0,0,28,2,14.000000
5947,1,2,1,40,3,13.333333
5948,2,2,2,75,6,12.500000
5949,0,0,0,52,4,13.000000
5950,2,2,2,77,5,15.400000
5951,0,0,0,32,3,10.666667
5952,0,1,1,64,4,16.000000
5953,0,0,0,28,3,9.333333
5954,1,0,0,60,5,12.000000
5955,2,1,1,48,4,12.000000
5956,2,1,1,72,5,14.400000
5957,1,1,0,31,3,10.333333
5958,0,1,1,52,5,10.400000
5959,1,1,1,60,4,15.000000
5961,2,2,2,64,3,21.333333
5962,2,2,2,65,5,13.000000
5963,0,1,1,34,3,11.333333
5964,0,0,0,17,2,8.500000
5965,1,1,1,39,3,13.000000
5966,2,1,1,36,1,36.000000
5967,0,0,0,31,2,15.500000
5968,2,2,2,58,3,19.333333
5969,1,1,1,43,4,10.750000
5970,2,1,1,54,4,13.500000
5972,1,1,1,39,4,9.750000
5973,1,1,1,41,3,13.666667
5974,2,2,1,80,4,20.000000
5975,2,1,1,94,7,13.428571
5976,1,1,1,50,3,16.666667
5977,0,1,1,48,5,9.600000
5978,0,0,0,28,2,14.000000
5979,0,0,0,31,3,10.333333
5980,0,1,1,39,4,9.750000
5981,1,2,1,47,3,15.666667
5982,0,0,0,20,3,6.666667
5983,1,0,0,29,3,9.666667
5985,2,1,1,36,3,12.000000
5986,1,1,2,50,5,10.000000
5987,0,0,0,47,3,15.666667
5988,1,1,1,54,4,13.500000
5989,0,0,0,40,3,13.333333
5990,0,2,1,54,4,13.500000
5991,1,1,1,36,3,12.000000
5992,0,0,0,58,3,19.333333
5993,1,1,1,65,5,13.000000
5994,1,0,0,53,4,13.250000
5995,0,0,0,33,3,11.000000
5996,0,1,1,38,3,12.666667
5997,2,2,2,52,4,13.000000
5998,0,1,1,33,5,6.600000
5999,2,1,2,42,3,14.000000
6001,2,1,1,67,5,13.400000
6002,2,2,2,86,5,17.200000
6003,1,1,1,51,3,17.000000
6004,1,1,1,52,7,7.428571
6005,0,1,1,55,4,13.750000
6007,1,1,1,31,3,10.333333
6008,2,1,1,47,4,11.750000
6009,0,2,1,60,4,15.000000
6010,1,1,1,44,4,11.000000
6011,2,1,1,55,5,11.000000
6012,2,1,1,58,5,11.600000
6013,0,1,1,52,5,10.400000
6014,1,2,2,80,5,16.000000
6015,0,1,1,27,2,13.500000
6016,0,1,1,50,5,10.000000
6017,1,1,1,45,2,22.500000
6018,1,1,1,56,5,11.200000
6019,0,0,0,80,6,13.333333
6020,1,1,1,53,5,10.600000
6021,0,1,1,34,2,17.000000
6022,0,2,2,69,6,11.500000
6023,1,1,1,34,3,11.333333
6025,0,0,0,30,3,10.000000
6026,2,1,1,72,5,14.400000
6027,0,1,1,44,4,11.000000
6028,2,2,2,82,5,16.400000
6029,0,1,1,46,3,15.333333
6030,0,0,0,39,3,13.000000
6031,0,1,1,43,3,14.333333
6032,0,0,0,63,3,21.000000
6033,1,1,1,50,5,10.000000
6034,0,0,1,42,3,14.000000
6035,0,0,0,48,3,16.000000
6036,1,1,1,64,6,10.666667
6037,0,0,0,43,3,14.333333
6038,2,1,1,44,2,22.000000
6039,1,1,0,61,3,20.333333
6040,1,0,1,55,4,13.750000
6041,0,0,1,57,4,14.250000
6042,1,1,2,57,4,14.250000
6043,2,1,1,51,5,10.200000
6044,1,1,1,35,3,11.666667
6045,1,2,2,70,6,11.666667
6046,0,0,0,29,2,14.500000
6047,0,0,0,46,3,15.333333
6048,0,1,0,23,2,11.500000
6050,0,1,1,50,4,12.500000
6051,0,1,0,45,3,15.000000
6052,2,2,2,63,5,12.600000
6053,1,1,1,28,2,14.000000
6054,0,1,1,36,2,18.000000
6055,0,1,1,8,1,8.000000
6056,1,1,0,17,3,5.666667
6057,2,0,0,46,4,11.500000
6058,2,0,0,72,5,14.400000
6059,0,0,0,31,4,7.750000
6060,2,2,2,79,5,15.800000
6061,0,1,1,56,5,11.200000
6063,0,1,0,37,3,12.333333
6064,1,1,1,40,3,13.333333
6065,2,1,1,48,5,9.600000
6066,1,1,1,49,4,12.250000
6067,1,1,1,53,2,26.500000
6068,0,1,1,47,3,15.666667
6069,1,1,1,63,4,15.750000
6071,0,0,0,35,3,11.666667
6072,1,1,1,51,4,12.750000
6073,0,1,1,57,3,19.000000
6074,0,0,0,53,4,13.250000
6075,0,0,0,22,2,11.000000
6076,1,1,1,50,5,10.000000
6077,2,2,2,60,4,15.000000
6078,0,0,0,28,3,9.333333
6079,1,1,1,69,5,13.800000
6080,1,1,1,53,5,10.600000
6081,2,1,1,24,3,8.000000
6082,2,1,1,58,3,19.333333
6083,1,0,0,25,2,12.500000
6084,0,1,1,41,3,13.666667
6085,2,2,2,64,4,16.000000
6086,2,2,2,74,6,12.333333
6087,1,2,1,66,5,13.200000
6088,0,1,1,51,5,10.200000
6089,0,1,1,51,1,51.000000
6090,0,0,0,53,5,10.600000
6091,2,2,1,86,4,21.500000
6092,2,1,2,38,3,12.666667
6094,2,1,1,80,5,16.000000
6095,1,0,0,54,6,9.000000
6096,2,2,2,50,3,16.666667
6097,2,1,1,39,3,13.000000
6098,0,0,0,29,2,14.500000
6099,0,1,1,45,4,11.250000
6100,0,0,0,37,3,12.333333
6101,1,1,1,33,2,16.500000
6102,2,0,1,64,4,16.000000
6103,0,1,1,38,4,9.500000
6104,1,1,1,64,4,16.000000
6105,0,0,0,33,3,11.000000
6106,0,1,0,43,3,14.333333
6107,0,1,1,40,3,13.333333
6108,1,1,1,19,2,9.500000
6109,1,1,1,28,3,9.333333
6110,0,0,0,28,2,14.000000
6111,0,1,1,48,3,16.000000
6112,0,1,1,41,4,10.250000
6113,0,1,1,57,5,11.400000
6114,2,2,2,74,5,14.800000
6115,2,1,1,46,4,11.500000
6116,1,2,2,57,3,19.000000
6117,0,2,2,53,5,10.600000
6118,1,2,2,73,4,18.250000
6119,1,1,1,36,2,18.000000
6120,0,0,0,45,4,11.250000
6121,1,2,1,71,5,14.200000
6122,1,0,0,27,3,9.000000
6123,2,1,1,40,4,10.000000
6124,1,1,1,42,5,8.400000
6125,1,2,2,67,6,11.166667
6126,1,2,2,57,5,11.400000
6127,2,1,1,46,3,15.333333
6128,0,1,1,57,6,9.500000
6129,2,1,2,63,4,15.750000
6130,2,2,2,67,3,22.333333
6131,2,2,2,64,4,16.000000
6132,1,2,2,102,10,10.200000
6133,1,2,2,54,3,18.000000
6134,2,2,2,66,5,13.200000
6135,1,1,1,50,4,12.500000
6136,0,0,0,59,4,14.750000
6137,2,1,1,37,4,9.250000
6138,1,1,1,26,2,13.000000
6139,0,0,0,24,4,6.000000
6140,0,1,0,43,4,10.750000
6141,1,0,0,34,2,17.000000
6143,0,1,1,59,5,11.800000
6144,2,2,2,81,6,13.500000
6145,0,0,0,24,3,8.000000
6146,2,2,1,57,6,9.500000
6147,1,2,1,47,4,11.750000
6148,2,1,2,51,3,17.000000
6149,1,1,1,29,3,9.666667
6150,0,0,0,48,2,24.000000
6151,2,1,2,58,4,14.500000
6152,1,2,1,56,4,14.000000
6154,2,1,2,55,3,18.333333
6155,1,1,1,57,5,11.400000
6156,2,1,1,57,4,14.250000
6157,0,0,0,55,4,13.750000
6159,0,0,0,20,2,10.000000
6160,2,1,1,45,3,15.000000
6161,1,1,1,54,7,7.714286
6162,2,2,1,51,2,25.500000
6163,1,1,2,56,4,14.000000
6164,0,0,0,32,3,10.666667
6165,0,0,0,42,2,21.000000
6166,2,1,2,65,4,16.250000
6167,2,2,1,59,3,19.666667
6168,0,1,0,48,3,16.000000
6169,0,0,0,19,3,6.333333
6170,1,1,1,57,4,14.250000
6171,2,2,2,58,4,14.500000
6172,0,1,1,57,5,11.400000
6173,2,1,1,49,5,9.800000
6175,2,1,1,53,4,13.250000
6176,1,2,2,48,3,16.000000
6177,2,1,1,55,4,13.750000
6178,0,0,0,46,4,11.500000
6179,1,1,1,69,5,13.800000
6180,1,2,2,86,6,14.333333
6181,0,0,1,29,3,9.666667
6182,1,1,1,61,3,20.333333
6183,0,1,1,51,4,12.750000
6184,0,0,1,41,3,13.666667
6185,0,1,1,52,4,13.000000
6186,1,0,1,42,3,14.000000
6187,1,1,1,52,3,17.333333
6188,0,0,0,28,2,14.000000
6189,1,1,1,68,6,11.333333
6190,1,0,0,28,4,7.000000
6191,0,0,0,28,3,9.333333
6192,0,0,0,56,4,14.000000
6193,0,0,0,39,3,13.000000
6194,1,1,2,74,5,14.800000
6195,0,0,0,36,2,18.000000
6196,0,1,1,61,4,15.250000
6197,1,1,1,43,3,14.333333
6198,0,1,1,49,6,8.166667
6200,1,0,0,68,2,34.000000
6201,2,2,2,45,3,15.000000
6202,2,2,2,64,5,12.800000
6203,0,1,1,46,3,15.333333
6204,1,1,1,45,4,11.250000
6205,2,1,1,79,5,15.800000
6206,1,0,1,49,5,9.800000
6207,0,1,1,67,7,9.571429
6208,1,0,0,22,2,11.000000
6209,1,1,1,47,3,15.666667
6210,1,1,1,56,6,9.333333
6212,0,1,1,72,4,18.000000
6214,1,2,1,41,3,13.666667
6215,2,1,1,36,3,12.000000
6216,2,2,2,65,5,13.000000
6218,2,1,1,55,5,11.000000
6219,2,1,1,49,3,16.333333
6220,2,2,2,54,7,7.714286
6221,2,1,1,56,5,11.200000
6222,2,2,2,87,5,17.400000
6224,2,1,2,50,4,12.500000
6225,1,1,1,68,5,13.600000
6226,1,1,1,51,4,12.750000
6227,1,1,1,39,5,7.800000
6228,2,1,1,34,4,8.500000
6229,0,1,1,59,4,14.750000
6230,2,1,1,56,3,18.666667
6231,2,1,1,62,6,10.333333
6232,2,1,1,44,3,14.666667
6233,0,2,2,68,4,17.000000
6234,0,2,1,55,4,13.750000
6235,0,0,1,53,4,13.250000
6236,0,1,1,64,6,10.666667
6238,2,1,1,65,5,13.000000
6239,2,2,2,48,4,12.000000
6240,2,2,2,57,4,14.250000
6241,0,0,0,26,4,6.500000
6242,1,2,1,61,4,15.250000
6243,0,1,1,47,4,11.750000
6244,0,1,1,40,3,13.333333
6245,0,0,1,60,5,12.000000
6246,2,1,1,38,4,9.500000
6247,2,2,2,51,5,10.200000
6248,2,1,2,73,4,18.250000
6249,0,0,1,50,4,12.500000
6250,0,0,0,43,4,10.750000
6251,0,0,0,40,3,13.333333
6252,0,1,1,50,4,12.500000
6253,2,1,1,59,4,14.750000
6254,2,2,2,69,6,11.500000
6255,1,1,1,49,4,12.250000
6256,1,0,0,31,3,10.333333
6257,1,1,1,34,3,11.333333
6258,1,1,1,39,3,13.000000
6259,1,1,1,45,4,11.250000
6260,0,0,0,36,4,9.000000
6261,1,1,1,26,3,8.666667
6263,2,1,1,39,3,13.000000
6264,2,2,2,63,5,12.600000
6265,1,1,1,58,4,14.500000
6266,0,1,1,56,6,9.333333
6267,2,2,2,95,7,13.571429
6268,0,1,1,44,3,14.666667
6269,1,0,0,31,3,10.333333
6270,0,2,1,59,5,11.800000
6271,2,1,2,49,4,12.250000
6272,2,1,1,46,4,11.500000
6273,1,1,1,40,4,10.000000
6274,0,0,0,49,3,16.333333
6275,2,1,1,27,3,9.000000
6276,0,1,1,67,4,16.750000
6277,1,1,1,43,3,14.333333
6278,2,1,1,56,4,14.000000
6279,1,1,0,61,6,10.166667
6280,2,2,2,52,4,13.000000
6281,0,0,0,33,2,16.500000
6282,0,0,1,50,4,12.500000
6283,2,0,1,33,3,11.000000
6284,1,1,1,53,3,17.666667
6285,0,0,0,39,3,13.000000
6286,1,0,0,18,2,9.000000
6287,0,0,0,25,3,8.333333
6288,2,1,1,56,3,18.666667
6289,2,1,1,52,4,13.000000
6290,1,1,1,52,6,8.666667
6291,0,0,0,73,6,12.166667
6292,1,1,1,51,4,12.750000
6293,0,0,0,59,5,11.800000
6294,1,0,1,33,3,11.000000
6295,0,0,0,56,4,14.000000
6296,1,1,1,51,4,12.750000
6297,0,0,0,27,3,9.000000
6298,1,1,1,53,4,13.250000
6299,2,1,1,48,5,9.600000
6300,2,1,1,23,3,7.666667
6301,0,1,1,57,7,8.142857
6303,0,0,0,24,3,8.000000
6304,2,1,1,58,5,11.600000
6305,0,1,1,35,3,11.666667
6306,0,1,1,34,3,11.333333
6307,2,1,1,32,3,10.666667
6308,0,1,1,40,3,13.333333
6309,1,1,1,38,3,12.666667
6310,1,1,1,41,5,8.200000
6311,1,0,0,86,6,14.333333
6312,2,1,1,65,5,13.000000
6313,0,1,1,50,2,25.000000
6314,1,1,1,45,4,11.250000
6315,1,1,1,47,3,15.666667
6316,2,2,2,50,5,10.000000
6317,2,1,1,45,2,22.500000
6318,2,1,2,45,4,11.250000
6319,0,0,0,34,3,11.333333
6320,2,2,1,60,4,15.000000
6321,2,2,2,51,4,12.750000
6322,1,1,0,33,2,16.500000
6323,0,0,0,55,5,11.000000
6324,0,1,1,48,4,12.000000
6325,1,0,0,51,5,10.200000
6326,0,0,0,51,3,17.000000
6327,0,0,0,39,3,13.000000
6328,0,1,1,55,3,18.333333
6329,1,1,1,39,3,13.000000
6330,0,0,1,31,3,10.333333
6331,1,0,1,53,3,17.666667
6332,1,1,1,45,5,9.000000
6333,2,2,2,78,4,19.500000
6334,0,0,0,34,3,11.333333
6335,1,1,1,57,6,9.500000
6336,0,0,0,46,4,11.500000
6337,1,1,1,62,5,12.400000
6338,1,1,1,66,8,8.250000
6339,1,0,0,22,3,7.333333
6340,0,0,0,53,5,10.600000
6341,2,1,1,59,4,14.750000
6342,1,1,1,60,3,20.000000
6343,2,1,1,40,4,10.000000
6344,1,0,0,37,6,6.166667
6345,0,1,1,47,4,11.750000
6346,2,1,1,27,3,9.000000
6347,0,0,0,27,2,13.500000
6348,0,0,0,46,5,9.200000
6349,1,0,0,42,4,10.500000
6350,0,1,1,55,5,11.000000
6351,2,1,2,44,5,8.800000
6352,2,2,1,75,5,15.000000
6353,1,0,1,73,2,36.500000
6354,2,2,2,78,6,13.000000
6356,2,1,1,55,5,11.000000
6357,1,1,1,60,5,12.000000
6358,0,0,0,37,4,9.250000
6359,0,0,0,30,3,10.000000
6360,1,1,1,43,4,10.750000
6361,2,2,2,71,4,17.750000
6362,1,1,1,62,4,15.500000
6363,2,1,1,74,6,12.333333
6364,2,1,1,51,5,10.200000
6365,2,2,2,55,2,27.500000
6366,2,2,2,55,4,13.750000
6367,0,0,0,77,5,15.400000
6368,2,1,1,59,5,11.800000
6369,2,1,1,74,5,14.800000
6370,2,2,1,58,4,14.500000
6371,1,0,0,10,2,5.000000
6372,0,1,1,42,4,10.500000
6373,0,1,1,73,6,12.166667
6374,2,1,1,47,3,15.666667
6375,0,0,0,15,2,7.500000
6376,0,1,1,62,6,10.333333
6377,1,1,1,27,2,13.500000
6378,1,1,1,47,3,15.666667
6379,1,1,1,50,5,10.000000
6380,2,1,1,31,3,10.333333
6381,2,1,1,48,4,12.000000
6382,0,0,1,50,5,10.000000
6383,0,1,1,87,6,14.500000
6384,1,1,1,58,5,11.600000
6385,1,1,1,54,4,13.500000
6386,0,0,0,59,4,14.750000
6387,0,0,0,27,3,9.000000
6388,1,1,1,61,4,15.250000
6389,2,1,2,51,3,17.000000
6390,1,1,1,63,4,15.750000
6391,2,1,1,62,4,15.500000
6392,2,1,2,68,6,11.333333
6393,2,1,1,41,4,10.250000
6394,2,1,1,47,4,11.750000
6395,0,1,1,59,2,29.500000
6396,0,0,1,35,3,11.666667
6398,1,1,1,36,3,12.000000
6399,2,1,1,68,3,22.666667
6400,2,2,1,52,5,10.400000
6401,1,0,0,48,4,12.000000
6402,1,1,1,54,4,13.500000
6403,2,2,1,38,3,12.666667
6404,1,0,1,48,4,12.000000
6405,1,2,2,62,3,20.666667
6406,2,2,2,94,7,13.428571
6407,2,1,2,58,4,14.500000
6408,2,2,2,67,5,13.400000
6409,0,0,1,25,3,8.333333
6410,2,2,2,75,6,12.500000
6411,2,1,1,51,4,12.750000
6412,1,2,2,76,5,15.200000
6413,0,0,1,49,5,9.800000
6414,0,0,0,23,2,11.500000
6415,1,0,0,47,4,11.750000
6416,2,1,1,50,4,12.500000
6417,1,0,1,37,4,9.250000
6418,1,1,1,47,3,15.666667
6419,1,0,1,47,5,9.400000
6420,0,0,0,37,2,18.500000
6421,1,1,1,30,3,10.000000
6422,1,1,1,60,3,20.000000
6424,1,1,1,26,3,8.666667
6425,2,2,1,44,4,11.000000
6426,0,0,0,36,4,9.000000
6427,0,0,1,59,4,14.750000
6428,0,1,1,61,6,10.166667
6429,2,1,1,43,3,14.333333
6430,2,2,2,77,7,11.000000
6431,1,1,1,43,2,21.500000
6432,1,1,1,66,4,16.500000
6433,1,1,1,43,4,10.750000
6434,2,1,1,63,6,10.500000
6435,1,1,1,40,3,13.333333
6436,0,1,1,45,5,9.000000
6437,0,0,1,62,4,15.500000
6438,1,1,1,70,6,11.666667
6440,0,0,1,55,5,11.000000
6441,2,2,2,43,3,14.333333
6442,1,1,1,55,3,18.333333
6443,0,0,0,53,4,13.250000
6444,1,1,1,39,3,13.000000
6446,1,0,1,72,7,10.285714
6447,2,1,1,50,4,12.500000
6448,1,2,2,63,5,12.600000
6449,1,1,1,50,4,12.500000
6450,1,0,0,39,2,19.500000
6451,1,1,1,61,5,12.200000
6452,2,1,1,49,5,9.800000
6453,0,0,0,54,3,18.000000
6454,0,0,0,53,4,13.250000
6456,2,1,1,64,3,21.333333
6457,1,2,1,46,3,15.333333
6458,2,2,2,47,6,7.833333
6459,0,1,1,34,5,6.800000
6460,0,2,2,59,4,14.750000
6461,2,1,2,63,4,15.750000
6463,0,0,0,56,6,9.333333
6464,0,0,1,39,3,13.000000
6465,0,1,1,48,3,16.000000
6466,1,1,1,85,4,21.250000
6467,1,0,1,50,3,16.666667
6468,2,1,1,53,3,17.666667
6469,1,1,0,62,5,12.400000
6470,1,1,1,48,4,12.000000
6471,1,1,1,66,4,16.500000
6472,1,0,0,38,3,12.666667
6473,2,1,1,28,2,14.000000
6474,1,1,1,61,6,10.166667
6475,0,1,1,65,5,13.000000
6476,0,1,1,72,5,14.400000
6477,2,1,1,64,5,12.800000
6478,1,1,1,37,4,9.250000
6479,0,0,1,24,2,12.000000
6480,1,1,1,69,4,17.250000
6481,2,1,1,52,3,17.333333
6482,2,1,1,55,6,9.166667
6483,0,0,1,24,3,8.000000
6484,1,1,0,42,3,14.000000
6487,0,1,1,41,3,13.666667
6488,1,1,1,22,2,11.000000
6489,0,0,0,46,3,15.333333
6490,0,1,1,42,4,10.500000
6491,1,1,1,52,4,13.000000
6492,2,1,1,55,4,13.750000
6493,1,0,0,52,3,17.333333
6494,2,2,2,59,4,14.750000
6495,0,1,1,41,2,20.500000
6497,0,0,0,33,3,11.000000
6498,1,1,1,53,5,10.600000
6499,1,1,2,69,5,13.800000
6501,2,1,1,40,3,13.333333
6502,0,1,1,49,4,12.250000
6503,1,1,1,48,4,12.000000
6504,2,2,1,78,3,26.000000
6505,2,1,2,58,3,19.333333
6506,0,0,1,55,3,18.333333
6507,2,2,2,43,3,14.333333
6508,0,1,1,43,4,10.750000
6509,0,1,1,94,6,15.666667
6510,2,1,1,37,3,12.333333
6511,0,1,1,60,4,15.000000
6512,2,0,0,33,2,16.500000
6513,0,0,0,65,4,16.250000
6514,1,1,1,45,3,15.000000
6515,1,1,1,45,3,15.000000
6516,2,1,1,55,6,9.166667
6517,0,0,0,34,3,11.333333
6518,2,2,2,44,3,14.666667
6519,0,1,1,49,5,9.800000
6520,2,1,1,64,5,12.800000
6522,2,0,1,77,5,15.400000
6523,2,1,1,25,3,8.333333
6524,0,0,0,39,4,9.750000
6525,0,0,0,35,3,11.666667
6526,1,0,0,22,3,7.333333
6527,1,1,1,31,2,15.500000
6528,2,2,2,70,5,14.000000
6529,2,2,2,52,4,13.000000
6530,2,2,2,63,4,15.750000
6531,0,0,0,52,5,10.400000
6532,0,1,1,49,5,9.800000
6533,1,0,1,32,4,8.000000
6534,0,2,2,69,4,17.250000
6535,2,2,2,95,8,11.875000
6536,1,2,2,82,5,16.400000
6537,1,1,1,71,5,14.200000
6538,0,0,0,47,4,11.750000
6539,0,0,0,44,5,8.800000
6540,1,1,0,57,4,14.250000
6541,0,2,2,36,3,12.000000
6542,0,1,1,28,3,9.333333
6543,2,1,1,64,5,12.800000
6544,2,1,1,46,4,11.500000
6545,0,0,0,33,3,11.000000
6546,0,1,0,38,4,9.500000
6547,1,1,1,31,4,7.750000
6548,1,1,1,60,5,12.000000
6549,0,0,0,55,3,18.333333
6550,2,1,0,32,2,16.000000
6551,0,0,0,21,2,10.500000
6552,0,1,1,40,3,13.333333
6553,1,1,1,40,4,10.000000
6554,2,2,1,49,3,16.333333
6555,1,0,0,47,3,15.666667
6556,0,0,1,39,2,19.500000
6557,2,2,2,44,4,11.000000
6558,0,1,1,50,3,16.666667
6559,2,2,2,69,5,13.800000
6560,0,0,0,29,2,14.500000
6561,1,2,1,55,6,9.166667
6562,1,1,1,36,3,12.000000
6563,0,0,0,52,4,13.000000
6566,1,1,1,37,3,12.333333
6567,1,0,1,25,4,6.250000
6568,2,2,2,63,6,10.500000
6569,1,2,2,52,3,17.333333
6570,1,1,1,47,4,11.750000
6571,1,1,1,53,4,13.250000
6572,0,1,0,35,3,11.666667
6573,0,0,0,44,3,14.666667
6574,1,1,1,60,4,15.000000
6575,1,1,0,40,5,8.000000
6576,0,0,0,28,3,9.333333
6578,1,1,1,39,4,9.750000
6579,0,0,0,30,2,15.000000
6580,1,1,1,32,3,10.666667
6581,2,2,2,69,4,17.250000
6582,1,0,1,42,4,10.500000
6583,2,2,2,76,6,12.666667
6584,2,2,2,52,3,17.333333
6585,0,0,1,28,2,14.000000
6586,1,1,0,23,2,11.500000
6587,2,1,1,49,4,12.250000
6589,2,1,1,57,5,11.400000
6591,2,1,2,48,3,16.000000
6592,2,1,1,25,2,12.500000
6593,0,1,0,57,3,19.000000
6594,0,1,1,62,5,12.400000
6595,1,1,1,66,4,16.500000
6596,0,1,1,45,3,15.000000
6598,1,1,1,88,6,14.666667
6599,0,1,2,95,6,15.833333
6600,1,1,1,59,5,11.800000
6601,0,0,0,36,3,12.000000
6602,0,0,0,29,3,9.666667
6603,1,1,1,51,4,12.750000
6604,0,0,0,66,6,11.000000
6605,2,1,2,81,4,20.250000
6606,0,1,1,49,5,9.800000
6607,0,0,0,36,3,12.000000
6608,0,0,0,75,7,10.714286
6609,0,1,1,32,3,10.666667
6610,0,1,1,73,5,14.600000
6611,2,2,1,62,4,15.500000
6612,2,1,1,57,4,14.250000
6613,1,1,1,61,4,15.250000
6614,2,2,2,50,4,12.500000
6615,2,1,1,45,3,15.000000
6616,1,1,1,55,5,11.000000
6617,0,1,2,47,3,15.666667
6619,2,2,2,89,4,22.250000
6620,1,1,1,44,3,14.666667
6621,0,0,0,12,2,6.000000
6622,0,1,1,39,4,9.750000
6623,0,0,0,39,3,13.000000
6624,2,1,1,47,3,15.666667
6625,2,1,2,59,4,14.750000
6626,1,1,1,44,3,14.666667
6628,2,1,1,27,4,6.750000
6629,2,2,2,62,5,12.400000
6630,1,1,2,44,2,22.000000
6631,0,0,1,73,5,14.600000
6632,0,1,1,50,4,12.500000
6633,1,1,1,74,4,18.500000
6634,0,0,0,32,2,16.000000
6635,0,0,1,56,4,14.000000
6636,0,1,1,69,5,13.800000
6637,0,1,1,39,3,13.000000
6638,0,0,0,22,2,11.000000
6639,2,2,2,85,6,14.166667
6640,0,1,1,62,4,15.500000
6641,2,2,2,72,6,12.000000
6642,0,1,1,40,3,13.333333
6643,2,1,1,34,3,11.333333
6644,2,2,2,74,4,18.500000
6645,2,2,2,90,4,22.500000
6646,0,1,1,72,8,9.000000
6647,0,1,2,64,5,12.800000
6648,1,1,2,54,5,10.800000
6649,1,0,0,44,2,22.000000
6650,2,2,2,62,6,10.333333
6651,1,1,1,53,4,13.250000
6652,1,1,1,46,4,11.500000
6653,2,1,1,67,5,13.400000
6654,0,1,1,51,4,12.750000
6655,0,0,0,42,2,21.000000
6656,0,0,0,33,2,16.500000
6657,2,1,1,57,2,28.500000
6659,2,2,2,80,6,13.333333
6660,0,0,0,42,3,14.000000
6661,2,1,1,41,4,10.250000
6662,0,1,1,39,4,9.750000
6664,0,0,0,28,2,14.000000
6666,2,1,1,56,5,11.200000
6667,1,2,2,73,5,14.600000
6668,2,1,1,39,2,19.500000
6669,2,2,1,55,4,13.750000
6670,1,2,2,61,5,12.200000
6671,2,1,1,44,3,14.666667
6672,1,1,1,61,5,12.200000
6673,2,1,1,39,5,7.800000
6675,2,2,2,62,3,20.666667
6676,0,0,0,40,2,20.000000
6678,0,0,0,55,4,13.750000
6679,0,0,0,21,2,10.500000
6680,2,2,2,66,3,22.000000
6681,2,1,1,47,5,9.400000
6682,1,1,1,36,2,18.000000
6683,1,0,0,27,3,9.000000
6684,1,2,1,69,5,13.800000
6685,1,1,1,52,4,13.000000
6686,2,1,1,49,3,16.333333
6687,2,2,2,70,5,14.000000
6688,1,1,1,43,4,10.750000
6689,2,1,1,42,4,10.500000
6690,1,1,1,59,2,29.500000
6692,2,1,1,56,6,9.333333
6693,2,0,0,47,3,15.666667
6694,2,1,1,53,4,13.250000
6695,1,1,1,64,4,16.000000
6696,2,1,1,63,4,15.750000
6697,1,1,1,50,5,10.000000
6698,1,1,1,28,3,9.333333
6699,2,2,2,67,5,13.400000
6700,1,1,1,66,4,16.500000
6701,1,1,2,50,4,12.500000
6702,0,1,0,38,2,19.000000
6703,2,1,1,89,7,12.714286
6704,2,1,2,54,4,13.500000
6706,0,1,1,34,4,8.500000
6707,2,1,1,40,3,13.333333
6708,0,0,0,26,3,8.666667
6709,1,2,2,75,4,18.750000
6710,1,1,2,71,4,17.750000
6711,2,2,1,63,3,21.000000
6712,1,1,1,51,4,12.750000
6713,0,1,1,57,7,8.142857
6714,0,0,1,48,4,12.000000
6715,2,1,1,43,2,21.500000
6716,1,1,1,55,4,13.750000
6717,2,2,1,54,3,18.000000
6718,2,1,1,51,4,12.750000
6719,0,1,2,56,6,9.333333
6720,0,1,1,60,3,20.000000
6721,0,1,1,57,3,19.000000
6722,1,2,1,46,5,9.200000
6723,0,0,0,45,3,15.000000
6724,2,0,0,57,3,19.000000
6725,2,1,1,45,3,15.000000
6726,1,1,2,51,4,12.750000
6727,0,1,1,75,7,10.714286
6728,2,2,2,65,3,21.666667
6729,0,1,1,39,4,9.750000
6730,0,0,0,28,2,14.000000
6731,2,2,2,58,5,11.600000
6732,2,2,1,50,2,25.000000
6733,1,1,1,49,4,12.250000
6734,1,2,2,70,6,11.666667
6735,0,1,1,54,4,13.500000
6736,2,0,0,31,2,15.500000
6737,0,0,0,38,2,19.000000
6738,2,2,2,82,4,20.500000
6739,0,1,0,53,4,13.250000
6740,2,1,1,44,3,14.666667
6742,1,2,2,59,5,11.800000
6743,0,1,1,65,5,13.000000
6744,2,1,1,42,4,10.500000
6745,0,0,1,46,4,11.500000
6746,1,0,0,47,3,15.666667
6747,0,0,0,41,4,10.250000
6748,2,1,1,32,3,10.666667
6749,1,0,0,58,6,9.666667
6750,2,1,1,52,4,13.000000
6752,2,1,1,47,3,15.666667
6753,2,2,2,74,5,14.800000
6754,1,0,0,35,3,11.666667
6755,2,2,2,81,4,20.250000
6757,0,1,1,42,3,14.000000
6758,0,1,0,31,4,7.750000
6760,0,1,2,74,5,14.800000
6762,1,1,0,37,2,18.500000
6763,1,1,1,62,5,12.400000
6764,1,1,1,48,4,12.000000
6765,2,2,2,91,8,11.375000
6766,1,1,1,38,4,9.500000
6767,0,1,1,44,4,11.000000
6768,2,2,2,60,3,20.000000
6769,0,0,0,33,3,11.000000
6770,0,0,0,65,5,13.000000
6771,2,1,2,52,4,13.000000
6772,0,0,0,49,4,12.250000
6773,2,1,1,58,5,11.600000
6774,1,1,1,51,5,10.200000
6775,2,1,1,58,5,11.600000
6778,1,1,1,50,3,16.666667
6779,0,1,1,63,5,12.600000
6780,2,1,1,57,6,9.500000
6781,0,0,0,23,2,11.500000
6782,0,0,0,29,2,14.500000
6783,0,1,1,44,2,22.000000
6784,2,1,1,62,3,20.666667
6785,0,0,0,30,2,15.000000
6786,0,0,1,49,3,16.333333
6787,1,1,1,56,5,11.200000
6788,0,0,0,38,2,19.000000
6789,1,1,1,55,4,13.750000
6791,2,2,2,82,7,11.714286
6792,2,1,1,61,5,12.200000
6793,2,1,1,45,5,9.000000
6794,2,1,1,48,2,24.000000
6795,0,0,1,15,2,7.500000
6796,2,1,1,38,2,19.000000
6797,2,1,1,60,6,10.000000
6798,1,1,1,37,3,12.333333
6799,0,0,0,53,4,13.250000
6800,2,2,2,88,5,17.600000
6801,2,2,2,78,3,26.000000
6802,2,1,1,51,4,12.750000
6803,2,2,2,57,4,14.250000
6804,2,2,2,55,4,13.750000
6805,0,0,0,20,2,10.000000
6806,1,1,1,56,5,11.200000
6807,0,1,1,61,5,12.200000
6808,1,1,1,34,3,11.333333
